runtime_days,infected,reinfected,long_covid_cases,min_productivity,param_name,param_value,run,agents,backend
40,5,0,0,99.96000000000001,covid_spread_chance_pct,2,0,10000,gpu
51,40,0,7,99.81,covid_spread_chance_pct,2,1,10000,gpu
40,5,0,0,99.97,covid_spread_chance_pct,2,2,10000,gpu
40,5,0,0,99.97,covid_spread_chance_pct,2,3,10000,gpu
42,7,0,0,99.95,covid_spread_chance_pct,2,4,10000,gpu
46,8,0,0,99.97,covid_spread_chance_pct,2,5,10000,gpu
46,13,0,1,99.92999999999999,covid_spread_chance_pct,2,6,10000,gpu
65,56,0,1,99.674666223526,covid_spread_chance_pct,2,7,10000,gpu
44,8,0,0,99.92,covid_spread_chance_pct,2,8,10000,gpu
43,8,0,3,99.96000000000001,covid_spread_chance_pct,2,9,10000,gpu
40,5,0,0,99.96000000000001,covid_spread_chance_pct,2,10,10000,gpu
49,10,0,0,99.96000000000001,covid_spread_chance_pct,2,11,10000,gpu
50,11,0,2,99.97339198589324,covid_spread_chance_pct,2,12,10000,gpu
44,7,0,1,99.9674638080597,covid_spread_chance_pct,2,13,10000,gpu
50,20,0,3,99.91,covid_spread_chance_pct,2,14,10000,gpu
40,5,0,0,99.99,covid_spread_chance_pct,2,15,10000,gpu
44,7,0,2,99.96000000000001,covid_spread_chance_pct,2,16,10000,gpu
42,7,0,0,99.95,covid_spread_chance_pct,2,17,10000,gpu
55,21,0,1,99.9,covid_spread_chance_pct,2,18,10000,gpu
42,7,0,0,99.95,covid_spread_chance_pct,2,19,10000,gpu
43,9,0,1,99.92999999999999,covid_spread_chance_pct,2,20,10000,gpu
46,9,0,1,99.96508047878743,covid_spread_chance_pct,2,21,10000,gpu
47,12,0,2,99.91,covid_spread_chance_pct,2,22,10000,gpu
42,7,0,0,99.96000000000001,covid_spread_chance_pct,2,23,10000,gpu
54,26,0,2,99.83999999999999,covid_spread_chance_pct,2,24,10000,gpu
47,15,0,1,99.93312320113182,covid_spread_chance_pct,2,25,10000,gpu
44,8,0,1,99.94,covid_spread_chance_pct,2,26,10000,gpu
44,9,0,0,99.92999999999999,covid_spread_chance_pct,2,27,10000,gpu
73,79,0,10,99.8412683582306,covid_spread_chance_pct,2,28,10000,gpu
46,10,0,0,99.97,covid_spread_chance_pct,2,29,10000,gpu
41,6,0,1,99.98,covid_spread_chance_pct,2,30,10000,gpu
53,16,0,1,99.89,covid_spread_chance_pct,2,31,10000,gpu
41,6,0,0,99.97,covid_spread_chance_pct,2,32,10000,gpu
56,25,0,1,99.92335973441601,covid_spread_chance_pct,2,33,10000,gpu
40,5,0,1,99.97,covid_spread_chance_pct,2,34,10000,gpu
52,15,0,1,99.89,covid_spread_chance_pct,2,35,10000,gpu
55,30,0,0,99.77000000000001,covid_spread_chance_pct,2,36,10000,gpu
49,15,0,1,99.92,covid_spread_chance_pct,2,37,10000,gpu
45,13,0,2,99.93381958723069,covid_spread_chance_pct,2,38,10000,gpu
41,6,0,0,99.98,covid_spread_chance_pct,2,39,10000,gpu
49,23,0,5,99.9,covid_spread_chance_pct,2,40,10000,gpu
50,9,0,0,99.93613302916289,covid_spread_chance_pct,2,41,10000,gpu
43,9,0,1,99.96000000000001,covid_spread_chance_pct,2,42,10000,gpu
41,6,0,0,99.96000000000001,covid_spread_chance_pct,2,43,10000,gpu
40,5,0,1,99.95407580554485,covid_spread_chance_pct,2,44,10000,gpu
45,11,0,1,99.94,covid_spread_chance_pct,2,45,10000,gpu
48,22,0,0,99.82,covid_spread_chance_pct,2,46,10000,gpu
40,5,0,0,99.96000000000001,covid_spread_chance_pct,2,47,10000,gpu
41,6,0,0,99.97,covid_spread_chance_pct,2,48,10000,gpu
44,9,0,1,99.97,covid_spread_chance_pct,2,49,10000,gpu
40,5,0,0,99.96000000000001,covid_spread_chance_pct,5,0,10000,gpu
81,364,0,21,98.32333795547486,covid_spread_chance_pct,5,1,10000,gpu
79,162,0,13,99.44960895538331,covid_spread_chance_pct,5,2,10000,gpu
54,36,0,0,99.83,covid_spread_chance_pct,5,3,10000,gpu
43,8,0,0,99.95,covid_spread_chance_pct,5,4,10000,gpu
50,20,0,0,99.97,covid_spread_chance_pct,5,5,10000,gpu
50,23,0,4,99.88,covid_spread_chance_pct,5,6,10000,gpu
233,2825,503,141,84.80450378417969,covid_spread_chance_pct,5,7,10000,gpu
86,192,0,12,98.92462922096253,covid_spread_chance_pct,5,8,10000,gpu
51,27,0,2,99.91,covid_spread_chance_pct,5,9,10000,gpu
48,9,0,0,99.96000000000001,covid_spread_chance_pct,5,10,10000,gpu
69,41,0,1,99.90687243282795,covid_spread_chance_pct,5,11,10000,gpu
139,1792,101,184,92.38605712890624,covid_spread_chance_pct,5,12,10000,gpu
43,9,0,0,99.96000000000001,covid_spread_chance_pct,5,13,10000,gpu
103,299,3,16,98.30938287258148,covid_spread_chance_pct,5,14,10000,gpu
89,84,0,6,99.67352460861207,covid_spread_chance_pct,5,15,10000,gpu
60,93,0,8,99.72999999999999,covid_spread_chance_pct,5,16,10000,gpu
43,10,0,0,99.92999999999999,covid_spread_chance_pct,5,17,10000,gpu
64,92,0,5,99.64,covid_spread_chance_pct,5,18,10000,gpu
48,13,0,0,99.92,covid_spread_chance_pct,5,19,10000,gpu
103,232,0,17,98.89860663414002,covid_spread_chance_pct,5,20,10000,gpu
87,141,0,10,99.49710161685944,covid_spread_chance_pct,5,21,10000,gpu
205,2409,251,171,89.8061727142334,covid_spread_chance_pct,5,22,10000,gpu
58,18,0,0,99.88,covid_spread_chance_pct,5,23,10000,gpu
94,449,0,26,98.18716957092285,covid_spread_chance_pct,5,24,10000,gpu
68,105,0,5,99.49501034975053,covid_spread_chance_pct,5,25,10000,gpu
44,10,0,2,99.92,covid_spread_chance_pct,5,26,10000,gpu
100,178,0,11,99.16350512742996,covid_spread_chance_pct,5,27,10000,gpu
249,3681,966,179,80.4654948425293,covid_spread_chance_pct,5,28,10000,gpu
56,38,0,2,99.83999999999999,covid_spread_chance_pct,5,29,10000,gpu
51,14,0,2,99.94,covid_spread_chance_pct,5,30,10000,gpu
88,486,0,39,97.44650619506837,covid_spread_chance_pct,5,31,10000,gpu
120,461,7,37,98.27299325942992,covid_spread_chance_pct,5,32,10000,gpu
225,4248,1244,305,81.52296813964843,covid_spread_chance_pct,5,33,10000,gpu
40,5,0,1,99.97,covid_spread_chance_pct,5,34,10000,gpu
122,472,8,23,97.85239826202393,covid_spread_chance_pct,5,35,10000,gpu
58,81,0,1,99.49,covid_spread_chance_pct,5,36,10000,gpu
196,1508,94,74,93.00429767608642,covid_spread_chance_pct,5,37,10000,gpu
227,3328,689,238,82.15401809692383,covid_spread_chance_pct,5,38,10000,gpu
45,10,0,0,99.94,covid_spread_chance_pct,5,39,10000,gpu
62,82,0,9,99.61288974761963,covid_spread_chance_pct,5,40,10000,gpu
72,39,0,5,99.80613302916288,covid_spread_chance_pct,5,41,10000,gpu
97,211,0,18,99.11045568466187,covid_spread_chance_pct,5,42,10000,gpu
56,23,0,0,99.92,covid_spread_chance_pct,5,43,10000,gpu
47,9,0,1,99.94407580554486,covid_spread_chance_pct,5,44,10000,gpu
80,263,0,18,99.03444917678833,covid_spread_chance_pct,5,45,10000,gpu
95,469,0,30,97.30494504928589,covid_spread_chance_pct,5,46,10000,gpu
79,78,0,3,99.8,covid_spread_chance_pct,5,47,10000,gpu
98,465,0,37,97.77191624641418,covid_spread_chance_pct,5,48,10000,gpu
56,32,0,2,99.8853096216917,covid_spread_chance_pct,5,49,10000,gpu
247,8365,10923,913,55.17100402832031,covid_spread_chance_pct,10,0,10000,gpu
98,5931,6,353,74.10324523925782,covid_spread_chance_pct,10,1,10000,gpu
89,5575,0,289,75.68251266479493,covid_spread_chance_pct,10,2,10000,gpu
218,8095,9122,697,56.20142700195312,covid_spread_chance_pct,10,3,10000,gpu
45,15,0,1,99.91,covid_spread_chance_pct,10,4,10000,gpu
86,6010,0,492,70.01083724975585,covid_spread_chance_pct,10,5,10000,gpu
168,7515,4294,632,62.43429794311523,covid_spread_chance_pct,10,6,10000,gpu
93,5882,0,430,71.3865771484375,covid_spread_chance_pct,10,7,10000,gpu
86,5735,1,333,73.55191635131835,covid_spread_chance_pct,10,8,10000,gpu
216,8056,9080,749,55.02763977050782,covid_spread_chance_pct,10,9,10000,gpu
169,7520,4330,512,60.787714538574214,covid_spread_chance_pct,10,10,10000,gpu
97,5648,12,326,74.91318298339844,covid_spread_chance_pct,10,11,10000,gpu
97,5985,22,532,73.26829681396485,covid_spread_chance_pct,10,12,10000,gpu
186,7081,3597,385,67.58111236572266,covid_spread_chance_pct,10,13,10000,gpu
88,5549,0,363,74.54738098144531,covid_spread_chance_pct,10,14,10000,gpu
226,8318,9752,754,55.47544921875001,covid_spread_chance_pct,10,15,10000,gpu
99,5933,9,282,74.38384506225586,covid_spread_chance_pct,10,16,10000,gpu
213,8384,9782,772,54.32904357910155,covid_spread_chance_pct,10,17,10000,gpu
108,5408,26,336,74.38162841796874,covid_spread_chance_pct,10,18,10000,gpu
239,7874,8389,788,57.9044923400879,covid_spread_chance_pct,10,19,10000,gpu
101,5631,6,372,72.63439270019532,covid_spread_chance_pct,10,20,10000,gpu
170,6528,2920,430,68.45886352539063,covid_spread_chance_pct,10,21,10000,gpu
86,5945,0,390,70.37231613159179,covid_spread_chance_pct,10,22,10000,gpu
96,5979,3,448,71.62865081787109,covid_spread_chance_pct,10,23,10000,gpu
89,5827,6,369,70.98125793457031,covid_spread_chance_pct,10,24,10000,gpu
154,7460,4217,592,63.27735153198242,covid_spread_chance_pct,10,25,10000,gpu
221,8110,8707,712,57.18086380004883,covid_spread_chance_pct,10,26,10000,gpu
94,5632,9,341,73.41082473754884,covid_spread_chance_pct,10,27,10000,gpu
85,5873,0,336,75.0174282836914,covid_spread_chance_pct,10,28,10000,gpu
112,5519,82,203,74.90816612243653,covid_spread_chance_pct,10,29,10000,gpu
98,5272,3,280,75.37779403686523,covid_spread_chance_pct,10,30,10000,gpu
244,8285,9683,704,53.22437149047852,covid_spread_chance_pct,10,31,10000,gpu
88,5339,0,394,76.8447804260254,covid_spread_chance_pct,10,32,10000,gpu
91,6053,2,505,73.37623718261719,covid_spread_chance_pct,10,33,10000,gpu
231,8210,8974,782,58.4791925048828,covid_spread_chance_pct,10,34,10000,gpu
212,7982,8322,548,58.50690353393555,covid_spread_chance_pct,10,35,10000,gpu
89,5942,0,245,73.1785905456543,covid_spread_chance_pct,10,36,10000,gpu
94,5531,2,324,77.00866775512696,covid_spread_chance_pct,10,37,10000,gpu
90,6072,0,338,71.49876586914063,covid_spread_chance_pct,10,38,10000,gpu
98,5838,7,410,72.34284133911133,covid_spread_chance_pct,10,39,10000,gpu
93,5821,3,401,74.97443725585937,covid_spread_chance_pct,10,40,10000,gpu
220,7803,8129,793,59.174634094238286,covid_spread_chance_pct,10,41,10000,gpu
107,5255,24,363,75.76888977050783,covid_spread_chance_pct,10,42,10000,gpu
243,7872,8323,576,59.75103576660157,covid_spread_chance_pct,10,43,10000,gpu
93,6401,5,360,71.74061218261718,covid_spread_chance_pct,10,44,10000,gpu
82,5601,0,384,78.06758422851563,covid_spread_chance_pct,10,45,10000,gpu
149,7152,3745,613,64.8467300415039,covid_spread_chance_pct,10,46,10000,gpu
95,5772,4,345,77.70487121582032,covid_spread_chance_pct,10,47,10000,gpu
90,5464,0,367,73.91535003662109,covid_spread_chance_pct,10,48,10000,gpu
100,5697,8,292,76.66672912597656,covid_spread_chance_pct,10,49,10000,gpu
71,8201,0,568,61.6,covid_spread_chance_pct,20,0,10000,gpu
68,8081,0,561,62.74999999999999,covid_spread_chance_pct,20,1,10000,gpu
72,8079,0,485,61.75999999999999,covid_spread_chance_pct,20,2,10000,gpu
73,8113,0,508,61.55,covid_spread_chance_pct,20,3,10000,gpu
67,8101,0,474,63.84000000000001,covid_spread_chance_pct,20,4,10000,gpu
72,8215,0,621,60.650000000000006,covid_spread_chance_pct,20,5,10000,gpu
70,8027,0,539,63.14999999999999,covid_spread_chance_pct,20,6,10000,gpu
67,8151,0,579,61.57,covid_spread_chance_pct,20,7,10000,gpu
69,8087,0,537,62.79,covid_spread_chance_pct,20,8,10000,gpu
76,8071,0,546,63.03000000000001,covid_spread_chance_pct,20,9,10000,gpu
69,8072,0,484,61.91,covid_spread_chance_pct,20,10,10000,gpu
69,8086,0,498,61.230000000000004,covid_spread_chance_pct,20,11,10000,gpu
72,8220,0,617,62.01,covid_spread_chance_pct,20,12,10000,gpu
75,7916,0,396,64.8,covid_spread_chance_pct,20,13,10000,gpu
73,8061,0,509,61.68,covid_spread_chance_pct,20,14,10000,gpu
66,8197,0,487,62.230000000000004,covid_spread_chance_pct,20,15,10000,gpu
67,8157,0,476,62.79,covid_spread_chance_pct,20,16,10000,gpu
71,8124,0,535,62.93,covid_spread_chance_pct,20,17,10000,gpu
67,8124,0,548,59.98,covid_spread_chance_pct,20,18,10000,gpu
70,8010,0,575,61.77,covid_spread_chance_pct,20,19,10000,gpu
74,8083,0,481,60.43000000000001,covid_spread_chance_pct,20,20,10000,gpu
74,7980,0,504,62.470000000000006,covid_spread_chance_pct,20,21,10000,gpu
71,8173,0,529,59.9,covid_spread_chance_pct,20,22,10000,gpu
73,8196,0,580,61.96999999999999,covid_spread_chance_pct,20,23,10000,gpu
68,8150,0,526,61.11,covid_spread_chance_pct,20,24,10000,gpu
69,8046,0,464,62.36999999999999,covid_spread_chance_pct,20,25,10000,gpu
71,8084,0,520,63.36999999999999,covid_spread_chance_pct,20,26,10000,gpu
74,8184,0,506,61.18,covid_spread_chance_pct,20,27,10000,gpu
71,8149,0,516,62.12,covid_spread_chance_pct,20,28,10000,gpu
72,8037,0,375,62.53999999999999,covid_spread_chance_pct,20,29,10000,gpu
76,7971,0,469,63.629999999999995,covid_spread_chance_pct,20,30,10000,gpu
72,8090,0,605,62.79,covid_spread_chance_pct,20,31,10000,gpu
69,7991,0,490,62.559999999999995,covid_spread_chance_pct,20,32,10000,gpu
70,8279,0,687,62.09,covid_spread_chance_pct,20,33,10000,gpu
69,8156,0,537,62.12,covid_spread_chance_pct,20,34,10000,gpu
70,8052,0,512,62.46000000000001,covid_spread_chance_pct,20,35,10000,gpu
69,8132,0,475,61.75999999999999,covid_spread_chance_pct,20,36,10000,gpu
71,8045,0,486,63.1,covid_spread_chance_pct,20,37,10000,gpu
68,8215,0,568,61.4,covid_spread_chance_pct,20,38,10000,gpu
72,8121,0,508,61.77,covid_spread_chance_pct,20,39,10000,gpu
67,8056,0,563,63.14999999999999,covid_spread_chance_pct,20,40,10000,gpu
75,7937,0,570,64.55,covid_spread_chance_pct,20,41,10000,gpu
70,7975,0,530,63.260000000000005,covid_spread_chance_pct,20,42,10000,gpu
67,8032,0,475,62.88,covid_spread_chance_pct,20,43,10000,gpu
73,8236,0,498,62.82,covid_spread_chance_pct,20,44,10000,gpu
69,8109,0,547,63.27,covid_spread_chance_pct,20,45,10000,gpu
72,8049,0,606,62.019999999999996,covid_spread_chance_pct,20,46,10000,gpu
71,8055,0,453,64.4,covid_spread_chance_pct,20,47,10000,gpu
76,8071,0,526,62.0,covid_spread_chance_pct,20,48,10000,gpu
69,8170,0,502,62.45,covid_spread_chance_pct,20,49,10000,gpu
41,3,0,0,99.99,initial_infected_agents,2,0,10000,gpu
82,5840,0,388,74.18901184082031,initial_infected_agents,2,1,10000,gpu
161,7300,3908,482,63.744043579101564,initial_infected_agents,2,2,10000,gpu
220,8156,9083,732,56.27764099121093,initial_infected_agents,2,3,10000,gpu
173,7487,4235,461,65.29530151367187,initial_infected_agents,2,4,10000,gpu
224,8050,8948,770,52.755749511718754,initial_infected_agents,2,5,10000,gpu
181,7556,4349,606,62.53312713623047,initial_infected_agents,2,6,10000,gpu
157,7543,4371,592,59.42850845336913,initial_infected_agents,2,7,10000,gpu
88,5759,2,328,73.7121502685547,initial_infected_agents,2,8,10000,gpu
221,8044,8967,748,55.274472045898435,initial_infected_agents,2,9,10000,gpu
101,5944,6,413,70.93720260620118,initial_infected_agents,2,10,10000,gpu
228,8075,8669,679,54.354508056640626,initial_infected_agents,2,11,10000,gpu
94,6063,4,533,72.85299072265626,initial_infected_agents,2,12,10000,gpu
40,2,0,0,99.98,initial_infected_agents,2,13,10000,gpu
97,5657,1,361,73.59912170410156,initial_infected_agents,2,14,10000,gpu
115,5942,48,353,73.76312316894531,initial_infected_agents,2,15,10000,gpu
232,8227,9463,809,56.6252294921875,initial_infected_agents,2,16,10000,gpu
95,6084,2,400,73.24360702514649,initial_infected_agents,2,17,10000,gpu
100,5507,4,354,73.79875289916993,initial_infected_agents,2,18,10000,gpu
237,7808,8065,783,58.86697708129882,initial_infected_agents,2,19,10000,gpu
109,5621,5,365,72.51549224853515,initial_infected_agents,2,20,10000,gpu
155,6534,2863,440,68.60777786254883,initial_infected_agents,2,21,10000,gpu
90,5936,0,379,70.63542922973633,initial_infected_agents,2,22,10000,gpu
98,6074,1,462,71.03364135742187,initial_infected_agents,2,23,10000,gpu
99,5573,4,369,72.72297912597656,initial_infected_agents,2,24,10000,gpu
170,7423,4172,532,63.98192749023437,initial_infected_agents,2,25,10000,gpu
101,5567,3,322,77.23875152587891,initial_infected_agents,2,26,10000,gpu
88,5811,1,359,72.08062866210938,initial_infected_agents,2,27,10000,gpu
96,5948,4,347,74.60480239868164,initial_infected_agents,2,28,10000,gpu
118,5501,51,214,75.19779174804687,initial_infected_agents,2,29,10000,gpu
96,5157,0,275,75.51632232666016,initial_infected_agents,2,30,10000,gpu
90,5957,0,417,71.9542237854004,initial_infected_agents,2,31,10000,gpu
227,7867,8332,770,57.210178070068366,initial_infected_agents,2,32,10000,gpu
92,6157,4,513,73.35771606445313,initial_infected_agents,2,33,10000,gpu
236,7776,6835,697,62.183543090820315,initial_infected_agents,2,34,10000,gpu
224,7981,8262,537,58.370924377441405,initial_infected_agents,2,35,10000,gpu
100,6008,4,283,72.68437438964843,initial_infected_agents,2,36,10000,gpu
95,5491,0,336,77.50911254882813,initial_infected_agents,2,37,10000,gpu
94,5955,2,349,71.96923034667968,initial_infected_agents,2,38,10000,gpu
97,5734,2,410,73.04163024902344,initial_infected_agents,2,39,10000,gpu
88,5583,0,387,75.43926818847656,initial_infected_agents,2,40,10000,gpu
229,7776,7926,719,60.9457568359375,initial_infected_agents,2,41,10000,gpu
164,6586,3236,485,65.93518417358398,initial_infected_agents,2,42,10000,gpu
244,7825,7987,575,59.930034790039066,initial_infected_agents,2,43,10000,gpu
41,3,0,0,99.99,initial_infected_agents,2,44,10000,gpu
89,5647,0,347,77.71983352661132,initial_infected_agents,2,45,10000,gpu
89,5508,4,410,75.50309631347656,initial_infected_agents,2,46,10000,gpu
97,5695,3,344,78.14314865112304,initial_infected_agents,2,47,10000,gpu
91,5658,0,371,73.21134506225586,initial_infected_agents,2,48,10000,gpu
95,5689,1,292,76.88752822875978,initial_infected_agents,2,49,10000,gpu
247,8365,10923,913,55.17100402832031,initial_infected_agents,5,0,10000,gpu
98,5931,6,353,74.10324523925782,initial_infected_agents,5,1,10000,gpu
89,5575,0,289,75.68251266479493,initial_infected_agents,5,2,10000,gpu
218,8095,9122,697,56.20142700195312,initial_infected_agents,5,3,10000,gpu
45,15,0,1,99.91,initial_infected_agents,5,4,10000,gpu
86,6010,0,492,70.01083724975585,initial_infected_agents,5,5,10000,gpu
168,7515,4294,632,62.43429794311523,initial_infected_agents,5,6,10000,gpu
93,5882,0,430,71.3865771484375,initial_infected_agents,5,7,10000,gpu
86,5735,1,333,73.55191635131835,initial_infected_agents,5,8,10000,gpu
216,8056,9080,749,55.02763977050782,initial_infected_agents,5,9,10000,gpu
169,7520,4330,512,60.787714538574214,initial_infected_agents,5,10,10000,gpu
97,5648,12,326,74.91318298339844,initial_infected_agents,5,11,10000,gpu
97,5985,22,532,73.26829681396485,initial_infected_agents,5,12,10000,gpu
186,7081,3597,385,67.58111236572266,initial_infected_agents,5,13,10000,gpu
88,5549,0,363,74.54738098144531,initial_infected_agents,5,14,10000,gpu
226,8318,9752,754,55.47544921875001,initial_infected_agents,5,15,10000,gpu
99,5933,9,282,74.38384506225586,initial_infected_agents,5,16,10000,gpu
213,8384,9782,772,54.32904357910155,initial_infected_agents,5,17,10000,gpu
108,5408,26,336,74.38162841796874,initial_infected_agents,5,18,10000,gpu
239,7874,8389,788,57.9044923400879,initial_infected_agents,5,19,10000,gpu
101,5631,6,372,72.63439270019532,initial_infected_agents,5,20,10000,gpu
170,6528,2920,430,68.45886352539063,initial_infected_agents,5,21,10000,gpu
86,5945,0,390,70.37231613159179,initial_infected_agents,5,22,10000,gpu
96,5979,3,448,71.62865081787109,initial_infected_agents,5,23,10000,gpu
89,5827,6,369,70.98125793457031,initial_infected_agents,5,24,10000,gpu
154,7460,4217,592,63.27735153198242,initial_infected_agents,5,25,10000,gpu
221,8110,8707,712,57.18086380004883,initial_infected_agents,5,26,10000,gpu
94,5632,9,341,73.41082473754884,initial_infected_agents,5,27,10000,gpu
85,5873,0,336,75.0174282836914,initial_infected_agents,5,28,10000,gpu
112,5519,82,203,74.90816612243653,initial_infected_agents,5,29,10000,gpu
98,5272,3,280,75.37779403686523,initial_infected_agents,5,30,10000,gpu
244,8285,9683,704,53.22437149047852,initial_infected_agents,5,31,10000,gpu
88,5339,0,394,76.8447804260254,initial_infected_agents,5,32,10000,gpu
91,6053,2,505,73.37623718261719,initial_infected_agents,5,33,10000,gpu
231,8210,8974,782,58.4791925048828,initial_infected_agents,5,34,10000,gpu
212,7982,8322,548,58.50690353393555,initial_infected_agents,5,35,10000,gpu
89,5942,0,245,73.1785905456543,initial_infected_agents,5,36,10000,gpu
94,5531,2,324,77.00866775512696,initial_infected_agents,5,37,10000,gpu
90,6072,0,338,71.49876586914063,initial_infected_agents,5,38,10000,gpu
98,5838,7,410,72.34284133911133,initial_infected_agents,5,39,10000,gpu
93,5821,3,401,74.97443725585937,initial_infected_agents,5,40,10000,gpu
220,7803,8129,793,59.174634094238286,initial_infected_agents,5,41,10000,gpu
107,5255,24,363,75.76888977050783,initial_infected_agents,5,42,10000,gpu
243,7872,8323,576,59.75103576660157,initial_infected_agents,5,43,10000,gpu
93,6401,5,360,71.74061218261718,initial_infected_agents,5,44,10000,gpu
82,5601,0,384,78.06758422851563,initial_infected_agents,5,45,10000,gpu
149,7152,3745,613,64.8467300415039,initial_infected_agents,5,46,10000,gpu
95,5772,4,345,77.70487121582032,initial_infected_agents,5,47,10000,gpu
90,5464,0,367,73.91535003662109,initial_infected_agents,5,48,10000,gpu
100,5697,8,292,76.66672912597656,initial_infected_agents,5,49,10000,gpu
252,8377,10544,844,54.68958618164063,initial_infected_agents,10,0,10000,gpu
80,5959,0,390,73.45218826293946,initial_infected_agents,10,1,10000,gpu
88,5619,1,286,75.19719451904297,initial_infected_agents,10,2,10000,gpu
89,5831,0,320,72.3573095703125,initial_infected_agents,10,3,10000,gpu
87,5852,0,291,75.78869262695312,initial_infected_agents,10,4,10000,gpu
233,8127,9264,795,52.94190032958984,initial_infected_agents,10,5,10000,gpu
105,5789,7,365,73.91337020874023,initial_infected_agents,10,6,10000,gpu
209,8255,9477,554,51.42456375122071,initial_infected_agents,10,7,10000,gpu
81,5779,0,354,73.90521301269531,initial_infected_agents,10,8,10000,gpu
108,5937,11,430,72.38098266601563,initial_infected_agents,10,9,10000,gpu
233,8230,9804,652,52.89402618408203,initial_infected_agents,10,10,10000,gpu
154,7307,3995,576,62.548957061767574,initial_infected_agents,10,11,10000,gpu
156,7510,4098,569,63.75994659423828,initial_infected_agents,10,12,10000,gpu
161,7021,3699,380,67.61082916259767,initial_infected_agents,10,13,10000,gpu
84,5701,0,387,73.09032836914062,initial_infected_agents,10,14,10000,gpu
162,7532,4298,561,63.852294006347655,initial_infected_agents,10,15,10000,gpu
90,5938,0,291,74.75489837646485,initial_infected_agents,10,16,10000,gpu
228,8285,9758,736,54.58686248779296,initial_infected_agents,10,17,10000,gpu
89,5437,0,364,73.98228790283203,initial_infected_agents,10,18,10000,gpu
99,5772,23,343,73.50230895996094,initial_infected_agents,10,19,10000,gpu
105,5723,17,371,72.30139556884765,initial_infected_agents,10,20,10000,gpu
88,4997,0,346,78.17404174804688,initial_infected_agents,10,21,10000,gpu
86,5938,0,377,70.80595489501952,initial_infected_agents,10,22,10000,gpu
145,7509,4187,656,60.048284454345705,initial_infected_agents,10,23,10000,gpu
226,8079,9127,672,52.76448272705079,initial_infected_agents,10,24,10000,gpu
83,5810,0,330,73.92008728027344,initial_infected_agents,10,25,10000,gpu
97,5615,6,309,76.78980758666992,initial_infected_agents,10,26,10000,gpu
87,5781,0,339,72.27977310180664,initial_infected_agents,10,27,10000,gpu
90,6007,0,348,74.34571273803712,initial_infected_agents,10,28,10000,gpu
103,5468,26,213,75.53999015808105,initial_infected_agents,10,29,10000,gpu
93,5351,7,315,74.99046478271485,initial_infected_agents,10,30,10000,gpu
89,5900,0,417,71.62997467041016,initial_infected_agents,10,31,10000,gpu
114,5202,8,386,76.9854364013672,initial_infected_agents,10,32,10000,gpu
82,6087,0,510,73.74809204101562,initial_infected_agents,10,33,10000,gpu
221,8252,9178,780,58.153243408203124,initial_infected_agents,10,34,10000,gpu
222,7927,8080,521,58.64382690429688,initial_infected_agents,10,35,10000,gpu
88,5995,0,254,73.72354858398438,initial_infected_agents,10,36,10000,gpu
93,5611,0,349,76.44066513061524,initial_infected_agents,10,37,10000,gpu
93,6045,6,357,71.56551177978517,initial_infected_agents,10,38,10000,gpu
94,5754,0,365,73.14072021484375,initial_infected_agents,10,39,10000,gpu
84,5800,0,392,74.9745848083496,initial_infected_agents,10,40,10000,gpu
223,7780,8130,741,59.862159576416005,initial_infected_agents,10,41,10000,gpu
222,7392,6996,593,59.39347534179687,initial_infected_agents,10,42,10000,gpu
209,7768,7756,557,60.58564453125,initial_infected_agents,10,43,10000,gpu
92,6385,3,371,71.96916381835938,initial_infected_agents,10,44,10000,gpu
84,5770,0,370,77.2798388671875,initial_infected_agents,10,45,10000,gpu
232,7974,8560,551,57.14525253295899,initial_infected_agents,10,46,10000,gpu
92,5832,0,359,77.12092178344727,initial_infected_agents,10,47,10000,gpu
88,5671,0,382,73.27810287475586,initial_infected_agents,10,48,10000,gpu
94,5684,1,289,76.20644470214843,initial_infected_agents,10,49,10000,gpu
86,6051,0,454,73.17572601318359,initial_infected_agents,20,0,10000,gpu
237,8366,10819,828,55.17928894042969,initial_infected_agents,20,1,10000,gpu
86,5573,0,293,75.68382247924805,initial_infected_agents,20,2,10000,gpu
87,5901,0,315,72.48428253173829,initial_infected_agents,20,3,10000,gpu
85,5725,0,272,76.30775482177734,initial_infected_agents,20,4,10000,gpu
235,8080,9488,790,52.86072921752929,initial_infected_agents,20,5,10000,gpu
111,5869,20,385,73.49454437255861,initial_infected_agents,20,6,10000,gpu
95,5958,2,438,70.83374694824218,initial_infected_agents,20,7,10000,gpu
85,5699,2,361,73.94713439941405,initial_infected_agents,20,8,10000,gpu
220,8096,9208,758,53.802471771240235,initial_infected_agents,20,9,10000,gpu
158,7564,4489,537,60.33487030029296,initial_infected_agents,20,10,10000,gpu
240,8114,10082,628,53.741597137451166,initial_infected_agents,20,11,10000,gpu
144,7469,4019,597,64.18094909667968,initial_infected_agents,20,12,10000,gpu
158,7075,3757,424,67.02358184814453,initial_infected_agents,20,13,10000,gpu
91,5650,0,361,73.73231811523438,initial_infected_agents,20,14,10000,gpu
88,5981,0,310,74.04061584472656,initial_infected_agents,20,15,10000,gpu
151,7536,4413,524,64.5779069519043,initial_infected_agents,20,16,10000,gpu
208,8318,9738,768,54.008646240234384,initial_infected_agents,20,17,10000,gpu
153,7074,3731,542,63.098119506835936,initial_infected_agents,20,18,10000,gpu
234,7931,8585,811,57.42510650634765,initial_infected_agents,20,19,10000,gpu
196,7291,4132,392,61.936278381347655,initial_infected_agents,20,20,10000,gpu
90,4890,1,336,78.38713104248048,initial_infected_agents,20,21,10000,gpu
86,6008,0,380,70.16133422851563,initial_infected_agents,20,22,10000,gpu
92,6122,0,454,70.64309677124024,initial_infected_agents,20,23,10000,gpu
96,5632,7,363,72.65309875488282,initial_infected_agents,20,24,10000,gpu
90,5723,2,318,74.12281356811523,initial_infected_agents,20,25,10000,gpu
108,5663,38,325,76.99275360107421,initial_infected_agents,20,26,10000,gpu
85,5880,0,347,71.98708892822265,initial_infected_agents,20,27,10000,gpu
85,5902,0,346,74.70794525146485,initial_infected_agents,20,28,10000,gpu
110,5395,19,202,75.46001617431641,initial_infected_agents,20,29,10000,gpu
102,5272,11,288,74.93727981567383,initial_infected_agents,20,30,10000,gpu
82,5990,0,424,71.59270767211913,initial_infected_agents,20,31,10000,gpu
82,5398,0,387,76.58321105957032,initial_infected_agents,20,32,10000,gpu
87,6123,1,513,73.26149291992188,initial_infected_agents,20,33,10000,gpu
212,8159,8975,796,58.45919128417969,initial_infected_agents,20,34,10000,gpu
224,7966,8338,528,58.18137496948243,initial_infected_agents,20,35,10000,gpu
211,8325,9602,758,53.649145660400386,initial_infected_agents,20,36,10000,gpu
91,5542,0,343,77.0369760131836,initial_infected_agents,20,37,10000,gpu
81,6023,0,373,71.81671813964844,initial_infected_agents,20,38,10000,gpu
92,5819,0,382,72.08052215576171,initial_infected_agents,20,39,10000,gpu
88,5716,9,363,75.21275726318359,initial_infected_agents,20,40,10000,gpu
233,7832,7862,763,60.2260107421875,initial_infected_agents,20,41,10000,gpu
157,6630,3229,507,66.27594818115234,initial_infected_agents,20,42,10000,gpu
85,5276,0,297,75.96039108276366,initial_infected_agents,20,43,10000,gpu
89,6167,0,365,73.01454010009766,initial_infected_agents,20,44,10000,gpu
85,5613,0,363,77.78590560913085,initial_infected_agents,20,45,10000,gpu
147,7076,3677,598,64.99741500854492,initial_infected_agents,20,46,10000,gpu
86,5815,0,354,77.27572250366211,initial_infected_agents,20,47,10000,gpu
223,7955,8628,686,54.80597030639649,initial_infected_agents,20,48,10000,gpu
88,5612,4,305,76.97050170898437,initial_infected_agents,20,49,10000,gpu
143,8055,5096,693,60.38175201416016,precaution_pct,0,0,10000,gpu
81,6515,0,413,70.90741973876953,precaution_pct,0,1,10000,gpu
91,6326,0,329,72.08333557128907,precaution_pct,0,2,10000,gpu
200,8509,10470,770,52.682683105468755,precaution_pct,0,3,10000,gpu
102,6361,2,302,73.94055877685547,precaution_pct,0,4,10000,gpu
217,8496,10747,851,50.40166244506836,precaution_pct,0,5,10000,gpu
85,6370,0,436,71.52071105957032,precaution_pct,0,6,10000,gpu
212,8588,11108,607,49.154600830078124,precaution_pct,0,7,10000,gpu
84,6449,0,387,70.49080947875976,precaution_pct,0,8,10000,gpu
146,7818,4891,674,60.03080429077148,precaution_pct,0,9,10000,gpu
107,6512,14,433,68.37848876953126,precaution_pct,0,10,10000,gpu
238,8529,11084,705,50.537493286132815,precaution_pct,0,11,10000,gpu
82,6620,0,590,70.1258660888672,precaution_pct,0,12,10000,gpu
121,6177,95,333,72.72278137207032,precaution_pct,0,13,10000,gpu
88,6320,0,393,70.09647232055664,precaution_pct,0,14,10000,gpu
151,8002,5149,620,60.71107971191406,precaution_pct,0,15,10000,gpu
155,7841,4908,557,62.49384643554687,precaution_pct,0,16,10000,gpu
95,6599,0,449,71.02857925415039,precaution_pct,0,17,10000,gpu
148,7780,4909,686,58.562470550537114,precaution_pct,0,18,10000,gpu
241,8458,11099,907,52.9548583984375,precaution_pct,0,19,10000,gpu
107,6317,6,401,69.17137496948243,precaution_pct,0,20,10000,gpu
89,5799,0,397,74.3247332763672,precaution_pct,0,21,10000,gpu
85,6537,0,429,67.89195159912109,precaution_pct,0,22,10000,gpu
148,7964,4953,676,58.52239242553712,precaution_pct,0,23,10000,gpu
166,7972,5032,629,56.496607818603515,precaution_pct,0,24,10000,gpu
90,6536,0,353,70.62952865600586,precaution_pct,0,25,10000,gpu
91,6275,0,378,73.93556640625,precaution_pct,0,26,10000,gpu
89,6532,0,391,69.06707717895509,precaution_pct,0,27,10000,gpu
85,6532,0,370,72.18361907958985,precaution_pct,0,28,10000,gpu
98,6113,4,261,72.19144844055177,precaution_pct,0,29,10000,gpu
228,8228,9616,640,54.99684753417968,precaution_pct,0,30,10000,gpu
89,6529,0,468,68.95265441894531,precaution_pct,0,31,10000,gpu
253,8284,10216,750,53.57660339355469,precaution_pct,0,32,10000,gpu
84,6673,0,533,70.96383697509765,precaution_pct,0,33,10000,gpu
42,8,0,1,99.95,precaution_pct,0,34,10000,gpu
227,8406,10116,576,54.151836395263665,precaution_pct,0,35,10000,gpu
97,6566,2,267,70.6409408569336,precaution_pct,0,36,10000,gpu
95,6192,3,354,73.66508544921875,precaution_pct,0,37,10000,gpu
87,6663,0,422,68.61470794677734,precaution_pct,0,38,10000,gpu
154,7841,4795,593,59.42915252685547,precaution_pct,0,39,10000,gpu
83,6450,0,444,71.44990386962891,precaution_pct,0,40,10000,gpu
220,8246,9456,818,56.48050231933595,precaution_pct,0,41,10000,gpu
225,8003,9087,618,54.70831726074219,precaution_pct,0,42,10000,gpu
110,5905,27,302,73.09112579345702,precaution_pct,0,43,10000,gpu
218,8705,11564,658,54.44536071777344,precaution_pct,0,44,10000,gpu
88,6177,0,398,75.40640213012695,precaution_pct,0,45,10000,gpu
85,6215,0,461,71.41698303222657,precaution_pct,0,46,10000,gpu
152,7786,4918,595,65.34664810180664,precaution_pct,0,47,10000,gpu
93,6280,4,396,71.00224212646484,precaution_pct,0,48,10000,gpu
215,8483,10689,858,54.78801818847656,precaution_pct,0,49,10000,gpu
248,8460,10857,894,54.045307922363286,precaution_pct,30,0,10000,gpu
80,6237,0,409,72.64410049438477,precaution_pct,30,1,10000,gpu
89,5900,0,305,74.27478408813477,precaution_pct,30,2,10000,gpu
172,7637,4558,504,61.412284240722656,precaution_pct,30,3,10000,gpu
45,15,0,1,99.91,precaution_pct,30,4,10000,gpu
88,6245,0,501,68.92077041625977,precaution_pct,30,5,10000,gpu
89,6103,0,410,72.78287460327148,precaution_pct,30,6,10000,gpu
226,8377,10197,555,51.78773986816406,precaution_pct,30,7,10000,gpu
86,5940,1,334,72.47177062988281,precaution_pct,30,8,10000,gpu
144,7547,4409,657,61.987442626953126,precaution_pct,30,9,10000,gpu
100,6222,18,427,70.29240173339844,precaution_pct,30,10,10000,gpu
89,5971,0,374,73.11602783203125,precaution_pct,30,11,10000,gpu
93,6196,0,554,72.41734802246094,precaution_pct,30,12,10000,gpu
161,7380,4017,408,66.19935760498046,precaution_pct,30,13,10000,gpu
109,5922,13,344,72.22799133300781,precaution_pct,30,14,10000,gpu
158,7867,4793,608,62.42329223632812,precaution_pct,30,15,10000,gpu
99,6121,3,283,74.0513102722168,precaution_pct,30,16,10000,gpu
92,6292,6,444,71.92041595458984,precaution_pct,30,17,10000,gpu
152,7446,4358,587,61.49478347778321,precaution_pct,30,18,10000,gpu
215,8133,9039,804,55.687227935791014,precaution_pct,30,19,10000,gpu
116,5976,5,373,70.83238677978517,precaution_pct,30,20,10000,gpu
149,6946,3464,496,66.68014953613282,precaution_pct,30,21,10000,gpu
86,6254,0,403,70.09651458740234,precaution_pct,30,22,10000,gpu
153,7782,4594,628,58.796806030273444,precaution_pct,30,23,10000,gpu
87,6039,2,416,70.23135437011719,precaution_pct,30,24,10000,gpu
235,8343,10002,717,53.93793701171875,precaution_pct,30,25,10000,gpu
211,8351,9514,779,54.5705288696289,precaution_pct,30,26,10000,gpu
89,6101,0,369,71.27180206298829,precaution_pct,30,27,10000,gpu
150,7826,4760,639,60.804936523437505,precaution_pct,30,28,10000,gpu
100,5769,7,210,73.95624359130859,precaution_pct,30,29,10000,gpu
99,5526,7,295,74.163056640625,precaution_pct,30,30,10000,gpu
87,6200,0,417,70.33350265502929,precaution_pct,30,31,10000,gpu
93,5671,1,391,75.29433410644532,precaution_pct,30,32,10000,gpu
88,6296,0,510,72.17151306152344,precaution_pct,30,33,10000,gpu
42,8,0,1,99.95,precaution_pct,30,34,10000,gpu
208,8146,8903,573,56.7567611694336,precaution_pct,30,35,10000,gpu
93,6262,5,268,72.00048370361328,precaution_pct,30,36,10000,gpu
228,8145,9182,723,58.48607025146484,precaution_pct,30,37,10000,gpu
87,6338,0,379,69.73121459960939,precaution_pct,30,38,10000,gpu
95,5996,0,398,71.06803100585937,precaution_pct,30,39,10000,gpu
91,6049,5,405,73.82112152099609,precaution_pct,30,40,10000,gpu
219,8045,8654,797,58.29908752441406,precaution_pct,30,41,10000,gpu
161,6895,3654,520,64.7345964050293,precaution_pct,30,42,10000,gpu
91,5570,0,276,74.56489135742189,precaution_pct,30,43,10000,gpu
218,8561,10842,598,54.956958618164066,precaution_pct,30,44,10000,gpu
83,5870,0,398,76.28404861450196,precaution_pct,30,45,10000,gpu
83,5910,0,444,73.61485885620117,precaution_pct,30,46,10000,gpu
88,6088,0,359,76.16274291992188,precaution_pct,30,47,10000,gpu
90,5854,0,400,72.81982498168945,precaution_pct,30,48,10000,gpu
90,5844,0,329,76.02035018920898,precaution_pct,30,49,10000,gpu
247,8365,10923,913,55.17100402832031,precaution_pct,50,0,10000,gpu
98,5931,6,353,74.10324523925782,precaution_pct,50,1,10000,gpu
89,5575,0,289,75.68251266479493,precaution_pct,50,2,10000,gpu
218,8095,9122,697,56.20142700195312,precaution_pct,50,3,10000,gpu
45,15,0,1,99.91,precaution_pct,50,4,10000,gpu
86,6010,0,492,70.01083724975585,precaution_pct,50,5,10000,gpu
168,7515,4294,632,62.43429794311523,precaution_pct,50,6,10000,gpu
93,5882,0,430,71.3865771484375,precaution_pct,50,7,10000,gpu
86,5735,1,333,73.55191635131835,precaution_pct,50,8,10000,gpu
216,8056,9080,749,55.02763977050782,precaution_pct,50,9,10000,gpu
169,7520,4330,512,60.787714538574214,precaution_pct,50,10,10000,gpu
97,5648,12,326,74.91318298339844,precaution_pct,50,11,10000,gpu
97,5985,22,532,73.26829681396485,precaution_pct,50,12,10000,gpu
186,7081,3597,385,67.58111236572266,precaution_pct,50,13,10000,gpu
88,5549,0,363,74.54738098144531,precaution_pct,50,14,10000,gpu
226,8318,9752,754,55.47544921875001,precaution_pct,50,15,10000,gpu
99,5933,9,282,74.38384506225586,precaution_pct,50,16,10000,gpu
213,8384,9782,772,54.32904357910155,precaution_pct,50,17,10000,gpu
108,5408,26,336,74.38162841796874,precaution_pct,50,18,10000,gpu
239,7874,8389,788,57.9044923400879,precaution_pct,50,19,10000,gpu
101,5631,6,372,72.63439270019532,precaution_pct,50,20,10000,gpu
170,6528,2920,430,68.45886352539063,precaution_pct,50,21,10000,gpu
86,5945,0,390,70.37231613159179,precaution_pct,50,22,10000,gpu
96,5979,3,448,71.62865081787109,precaution_pct,50,23,10000,gpu
89,5827,6,369,70.98125793457031,precaution_pct,50,24,10000,gpu
154,7460,4217,592,63.27735153198242,precaution_pct,50,25,10000,gpu
221,8110,8707,712,57.18086380004883,precaution_pct,50,26,10000,gpu
94,5632,9,341,73.41082473754884,precaution_pct,50,27,10000,gpu
85,5873,0,336,75.0174282836914,precaution_pct,50,28,10000,gpu
112,5519,82,203,74.90816612243653,precaution_pct,50,29,10000,gpu
98,5272,3,280,75.37779403686523,precaution_pct,50,30,10000,gpu
244,8285,9683,704,53.22437149047852,precaution_pct,50,31,10000,gpu
88,5339,0,394,76.8447804260254,precaution_pct,50,32,10000,gpu
91,6053,2,505,73.37623718261719,precaution_pct,50,33,10000,gpu
231,8210,8974,782,58.4791925048828,precaution_pct,50,34,10000,gpu
212,7982,8322,548,58.50690353393555,precaution_pct,50,35,10000,gpu
89,5942,0,245,73.1785905456543,precaution_pct,50,36,10000,gpu
94,5531,2,324,77.00866775512696,precaution_pct,50,37,10000,gpu
90,6072,0,338,71.49876586914063,precaution_pct,50,38,10000,gpu
98,5838,7,410,72.34284133911133,precaution_pct,50,39,10000,gpu
93,5821,3,401,74.97443725585937,precaution_pct,50,40,10000,gpu
220,7803,8129,793,59.174634094238286,precaution_pct,50,41,10000,gpu
107,5255,24,363,75.76888977050783,precaution_pct,50,42,10000,gpu
243,7872,8323,576,59.75103576660157,precaution_pct,50,43,10000,gpu
93,6401,5,360,71.74061218261718,precaution_pct,50,44,10000,gpu
82,5601,0,384,78.06758422851563,precaution_pct,50,45,10000,gpu
149,7152,3745,613,64.8467300415039,precaution_pct,50,46,10000,gpu
95,5772,4,345,77.70487121582032,precaution_pct,50,47,10000,gpu
90,5464,0,367,73.91535003662109,precaution_pct,50,48,10000,gpu
100,5697,8,292,76.66672912597656,precaution_pct,50,49,10000,gpu
250,8134,9152,837,56.40373596191406,precaution_pct,80,0,10000,gpu
81,5525,0,379,75.39186080932618,precaution_pct,80,1,10000,gpu
102,4821,0,251,79.1251171875,precaution_pct,80,2,10000,gpu
235,7793,8053,661,57.93113906860352,precaution_pct,80,3,10000,gpu
174,6917,3489,417,67.84782836914063,precaution_pct,80,4,10000,gpu
228,7700,7758,738,56.69247512817384,precaution_pct,80,5,10000,gpu
110,5372,8,359,75.25477722167967,precaution_pct,80,6,10000,gpu
86,5569,0,433,73.03085266113281,precaution_pct,80,7,10000,gpu
91,5291,1,302,75.67885345458984,precaution_pct,80,8,10000,gpu
92,5222,5,383,75.96616607666016,precaution_pct,80,9,10000,gpu
99,5431,4,379,74.02515274047852,precaution_pct,80,10,10000,gpu
236,7739,7865,625,56.86922515869141,precaution_pct,80,11,10000,gpu
84,5517,0,483,74.94466629028321,precaution_pct,80,12,10000,gpu
128,4883,51,203,78.23297241210938,precaution_pct,80,13,10000,gpu
97,5153,2,337,76.13784088134766,precaution_pct,80,14,10000,gpu
108,5419,8,289,76.43843231201171,precaution_pct,80,15,10000,gpu
98,5532,0,262,76.47387756347656,precaution_pct,80,16,10000,gpu
93,5630,0,401,75.46292999267578,precaution_pct,80,17,10000,gpu
93,4947,0,319,76.30768402099609,precaution_pct,80,18,10000,gpu
230,7447,6731,696,61.76007324218751,precaution_pct,80,19,10000,gpu
106,5113,8,368,75.34311889648437,precaution_pct,80,20,10000,gpu
155,5860,2201,380,72.02955337524415,precaution_pct,80,21,10000,gpu
90,5457,0,342,72.88579040527343,precaution_pct,80,22,10000,gpu
96,5641,0,449,72.57258895874024,precaution_pct,80,23,10000,gpu
97,5064,5,332,75.27898651123047,precaution_pct,80,24,10000,gpu
94,5163,1,301,77.34180084228515,precaution_pct,80,25,10000,gpu
100,5313,8,313,78.65456268310547,precaution_pct,80,26,10000,gpu
89,5151,0,322,74.87399856567383,precaution_pct,80,27,10000,gpu
250,7989,8716,507,57.86276748657227,precaution_pct,80,28,10000,gpu
110,497,1,29,97.61041563034057,precaution_pct,80,29,10000,gpu
101,4502,12,244,79.14134620666505,precaution_pct,80,30,10000,gpu
91,5425,2,359,74.06721374511719,precaution_pct,80,31,10000,gpu
230,7445,7193,646,59.83459167480469,precaution_pct,80,32,10000,gpu
91,5524,0,440,75.93653625488281,precaution_pct,80,33,10000,gpu
172,6888,3307,659,69.11249816894531,precaution_pct,80,34,10000,gpu
225,7578,7114,511,61.16822357177733,precaution_pct,80,35,10000,gpu
100,5534,3,232,75.8332357788086,precaution_pct,80,36,10000,gpu
94,5114,4,305,78.74848281860352,precaution_pct,80,37,10000,gpu
89,5442,0,320,74.45764556884767,precaution_pct,80,38,10000,gpu
117,5264,25,373,74.85897094726562,precaution_pct,80,39,10000,gpu
86,5314,0,353,77.17930572509766,precaution_pct,80,40,10000,gpu
228,7385,6506,695,63.62196807861329,precaution_pct,80,41,10000,gpu
190,5977,2578,410,69.08819641113281,precaution_pct,80,42,10000,gpu
231,7452,6623,582,63.04531890869141,precaution_pct,80,43,10000,gpu
208,8167,9109,572,58.77694274902343,precaution_pct,80,44,10000,gpu
90,5022,2,317,80.44348159790039,precaution_pct,80,45,10000,gpu
85,5109,0,395,76.91159088134766,precaution_pct,80,46,10000,gpu
218,7766,8037,543,62.98173263549805,precaution_pct,80,47,10000,gpu
221,7474,6952,691,58.530938415527345,precaution_pct,80,48,10000,gpu
224,7729,7493,727,60.434056701660154,precaution_pct,80,49,10000,gpu
67,8475,0,632,59.599999999999994,avg_degree,10,0,10000,gpu
64,8509,0,614,61.29,avg_degree,10,1,10000,gpu
66,8512,0,520,59.4,avg_degree,10,2,10000,gpu
73,8527,0,520,58.550000000000004,avg_degree,10,3,10000,gpu
68,8519,0,529,61.370000000000005,avg_degree,10,4,10000,gpu
68,8529,0,625,57.63,avg_degree,10,5,10000,gpu
66,8485,0,583,60.58,avg_degree,10,6,10000,gpu
67,8513,0,602,58.82000000000001,avg_degree,10,7,10000,gpu
72,8497,0,562,60.53999999999999,avg_degree,10,8,10000,gpu
72,8456,0,568,59.589999999999996,avg_degree,10,9,10000,gpu
70,8435,0,520,59.88,avg_degree,10,10,10000,gpu
69,8380,0,546,59.92999999999999,avg_degree,10,11,10000,gpu
71,8549,0,669,59.91,avg_degree,10,12,10000,gpu
71,8342,0,443,60.870000000000005,avg_degree,10,13,10000,gpu
75,8488,0,516,59.230000000000004,avg_degree,10,14,10000,gpu
74,8499,0,512,59.699999999999996,avg_degree,10,15,10000,gpu
65,8484,0,527,60.39,avg_degree,10,16,10000,gpu
67,8519,0,608,59.27,avg_degree,10,17,10000,gpu
64,8453,0,543,57.47,avg_degree,10,18,10000,gpu
67,8405,0,617,60.620000000000005,avg_degree,10,19,10000,gpu
68,8500,0,520,59.440000000000005,avg_degree,10,20,10000,gpu
68,8402,0,534,60.040000000000006,avg_degree,10,21,10000,gpu
68,8547,0,585,57.82000000000001,avg_degree,10,22,10000,gpu
67,8596,0,621,58.81000000000001,avg_degree,10,23,10000,gpu
68,8487,0,533,58.84,avg_degree,10,24,10000,gpu
66,8434,0,493,59.699999999999996,avg_degree,10,25,10000,gpu
65,8472,0,567,59.830000000000005,avg_degree,10,26,10000,gpu
66,8539,0,546,59.12,avg_degree,10,27,10000,gpu
69,8503,0,562,60.260000000000005,avg_degree,10,28,10000,gpu
69,8411,0,425,59.20000000000001,avg_degree,10,29,10000,gpu
68,8348,0,503,59.830000000000005,avg_degree,10,30,10000,gpu
69,8537,0,627,60.33,avg_degree,10,31,10000,gpu
68,8347,0,527,61.12,avg_degree,10,32,10000,gpu
70,8563,0,673,59.63,avg_degree,10,33,10000,gpu
65,8567,0,607,59.089999999999996,avg_degree,10,34,10000,gpu
69,8441,0,531,60.97,avg_degree,10,35,10000,gpu
71,8468,0,492,60.0,avg_degree,10,36,10000,gpu
67,8378,0,523,59.93999999999999,avg_degree,10,37,10000,gpu
65,8587,0,639,58.32999999999999,avg_degree,10,38,10000,gpu
66,8417,0,521,59.870000000000005,avg_degree,10,39,10000,gpu
71,8444,0,572,59.68,avg_degree,10,40,10000,gpu
68,8382,0,591,62.09,avg_degree,10,41,10000,gpu
74,8262,0,528,60.64000000000001,avg_degree,10,42,10000,gpu
67,8426,0,482,60.78,avg_degree,10,43,10000,gpu
73,8558,0,557,60.31999999999999,avg_degree,10,44,10000,gpu
64,8466,0,584,59.42000000000001,avg_degree,10,45,10000,gpu
69,8405,0,626,59.25,avg_degree,10,46,10000,gpu
70,8371,0,469,61.08,avg_degree,10,47,10000,gpu
77,8429,0,582,60.46,avg_degree,10,48,10000,gpu
67,8513,0,552,59.92999999999999,avg_degree,10,49,10000,gpu
53,9492,0,738,47.709999999999994,avg_degree,30,0,10000,gpu
54,9497,0,715,49.5,avg_degree,30,1,10000,gpu
61,9494,0,629,48.440000000000005,avg_degree,30,2,10000,gpu
54,9499,0,592,47.760000000000005,avg_degree,30,3,10000,gpu
57,9484,0,587,48.839999999999996,avg_degree,30,4,10000,gpu
58,9483,0,641,47.14,avg_degree,30,5,10000,gpu
56,9480,0,680,49.59,avg_degree,30,6,10000,gpu
55,9493,0,676,48.040000000000006,avg_degree,30,7,10000,gpu
57,9492,0,649,48.24,avg_degree,30,8,10000,gpu
55,9471,0,633,48.199999999999996,avg_degree,30,9,10000,gpu
57,9458,0,604,47.419999999999995,avg_degree,30,10,10000,gpu
55,9477,0,642,48.209999999999994,avg_degree,30,11,10000,gpu
55,9499,0,735,47.97,avg_degree,30,12,10000,gpu
54,9450,0,545,47.9,avg_degree,30,13,10000,gpu
53,9486,0,639,48.57,avg_degree,30,14,10000,gpu
53,9471,0,581,46.97,avg_degree,30,15,10000,gpu
57,9481,0,583,48.61,avg_degree,30,16,10000,gpu
54,9488,0,663,47.61,avg_degree,30,17,10000,gpu
53,9465,0,629,47.089999999999996,avg_degree,30,18,10000,gpu
57,9486,0,632,48.38,avg_degree,30,19,10000,gpu
57,9471,0,619,49.01,avg_degree,30,20,10000,gpu
54,9455,0,598,47.980000000000004,avg_degree,30,21,10000,gpu
55,9506,0,673,47.69,avg_degree,30,22,10000,gpu
54,9491,0,696,48.199999999999996,avg_degree,30,23,10000,gpu
54,9491,0,594,47.91,avg_degree,30,24,10000,gpu
55,9485,0,570,47.809999999999995,avg_degree,30,25,10000,gpu
55,9486,0,648,48.35,avg_degree,30,26,10000,gpu
57,9479,0,602,48.64000000000001,avg_degree,30,27,10000,gpu
55,9501,0,643,48.199999999999996,avg_degree,30,28,10000,gpu
53,9474,0,532,47.01,avg_degree,30,29,10000,gpu
54,9459,0,556,47.86,avg_degree,30,30,10000,gpu
54,9501,0,730,48.99,avg_degree,30,31,10000,gpu
57,9448,0,596,48.97,avg_degree,30,32,10000,gpu
56,9507,0,731,47.629999999999995,avg_degree,30,33,10000,gpu
54,9506,0,643,47.040000000000006,avg_degree,30,34,10000,gpu
55,9484,0,617,48.260000000000005,avg_degree,30,35,10000,gpu
55,9499,0,597,48.38,avg_degree,30,36,10000,gpu
56,9450,0,598,48.160000000000004,avg_degree,30,37,10000,gpu
54,9525,0,698,47.9,avg_degree,30,38,10000,gpu
56,9454,0,596,47.03000000000001,avg_degree,30,39,10000,gpu
55,9479,0,636,48.22,avg_degree,30,40,10000,gpu
56,9475,0,630,48.419999999999995,avg_degree,30,41,10000,gpu
54,9443,0,604,48.86000000000001,avg_degree,30,42,10000,gpu
55,9459,0,555,48.71,avg_degree,30,43,10000,gpu
53,9500,0,639,49.029999999999994,avg_degree,30,44,10000,gpu
56,9470,0,631,47.599999999999994,avg_degree,30,45,10000,gpu
54,9460,0,682,47.78,avg_degree,30,46,10000,gpu
55,9449,0,586,48.73,avg_degree,30,47,10000,gpu
54,9463,0,654,48.61,avg_degree,30,48,10000,gpu
53,9486,0,612,48.85,avg_degree,30,49,10000,gpu
52,9577,0,726,46.230000000000004,avg_degree,50,0,10000,gpu
53,9583,0,733,46.35,avg_degree,50,1,10000,gpu
54,9579,0,609,46.98,avg_degree,50,2,10000,gpu
51,9567,0,595,46.53,avg_degree,50,3,10000,gpu
50,9570,0,637,47.41,avg_degree,50,4,10000,gpu
52,9571,0,659,45.599999999999994,avg_degree,50,5,10000,gpu
51,9570,0,665,47.92999999999999,avg_degree,50,6,10000,gpu
50,9579,0,704,46.18,avg_degree,50,7,10000,gpu
51,9573,0,664,46.230000000000004,avg_degree,50,8,10000,gpu
52,9556,0,662,46.809999999999995,avg_degree,50,9,10000,gpu
52,9559,0,600,46.02,avg_degree,50,10,10000,gpu
52,9568,0,637,46.3,avg_degree,50,11,10000,gpu
53,9588,0,721,46.61,avg_degree,50,12,10000,gpu
52,9572,0,548,45.940000000000005,avg_degree,50,13,10000,gpu
52,9575,0,626,46.89,avg_degree,50,14,10000,gpu
52,9578,0,593,46.0,avg_degree,50,15,10000,gpu
52,9567,0,625,46.97,avg_degree,50,16,10000,gpu
52,9573,0,635,44.98,avg_degree,50,17,10000,gpu
53,9579,0,635,45.98,avg_degree,50,18,10000,gpu
53,9570,0,666,46.9,avg_degree,50,19,10000,gpu
51,9563,0,619,47.14,avg_degree,50,20,10000,gpu
52,9572,0,637,47.089999999999996,avg_degree,50,21,10000,gpu
53,9578,0,716,45.620000000000005,avg_degree,50,22,10000,gpu
52,9579,0,712,45.84,avg_degree,50,23,10000,gpu
53,9580,0,610,45.06,avg_degree,50,24,10000,gpu
52,9574,0,587,46.209999999999994,avg_degree,50,25,10000,gpu
52,9579,0,628,46.330000000000005,avg_degree,50,26,10000,gpu
51,9572,0,618,46.61,avg_degree,50,27,10000,gpu
52,9586,0,647,46.39,avg_degree,50,28,10000,gpu
51,9575,0,549,45.489999999999995,avg_degree,50,29,10000,gpu
52,9567,0,584,46.03,avg_degree,50,30,10000,gpu
51,9581,0,736,47.709999999999994,avg_degree,50,31,10000,gpu
53,9548,0,620,47.099999999999994,avg_degree,50,32,10000,gpu
54,9584,0,730,46.730000000000004,avg_degree,50,33,10000,gpu
54,9589,0,626,45.47,avg_degree,50,34,10000,gpu
51,9576,0,623,45.89,avg_degree,50,35,10000,gpu
55,9582,0,599,46.650000000000006,avg_degree,50,36,10000,gpu
56,9570,0,593,46.47,avg_degree,50,37,10000,gpu
52,9591,0,692,45.330000000000005,avg_degree,50,38,10000,gpu
54,9569,0,597,46.099999999999994,avg_degree,50,39,10000,gpu
53,9581,0,649,46.26,avg_degree,50,40,10000,gpu
52,9575,0,629,46.379999999999995,avg_degree,50,41,10000,gpu
52,9565,0,616,46.57,avg_degree,50,42,10000,gpu
51,9568,0,596,46.519999999999996,avg_degree,50,43,10000,gpu
53,9580,0,626,46.96,avg_degree,50,44,10000,gpu
52,9575,0,622,46.18,avg_degree,50,45,10000,gpu
52,9569,0,659,45.42,avg_degree,50,46,10000,gpu
57,9570,0,586,46.089999999999996,avg_degree,50,47,10000,gpu
54,9577,0,658,46.74,avg_degree,50,48,10000,gpu
51,9575,0,617,47.260000000000005,avg_degree,50,49,10000,gpu
51,9578,0,733,46.419999999999995,avg_degree,70,0,10000,gpu
53,9586,0,734,46.330000000000005,avg_degree,70,1,10000,gpu
53,9585,0,634,46.47,avg_degree,70,2,10000,gpu
51,9581,0,604,45.9,avg_degree,70,3,10000,gpu
52,9581,0,630,46.63,avg_degree,70,4,10000,gpu
53,9582,0,660,45.660000000000004,avg_degree,70,5,10000,gpu
52,9573,0,667,46.650000000000006,avg_degree,70,6,10000,gpu
51,9577,0,714,45.65,avg_degree,70,7,10000,gpu
52,9589,0,666,46.550000000000004,avg_degree,70,8,10000,gpu
52,9563,0,653,45.93000000000001,avg_degree,70,9,10000,gpu
51,9569,0,600,45.699999999999996,avg_degree,70,10,10000,gpu
52,9580,0,634,45.89,avg_degree,70,11,10000,gpu
51,9586,0,734,46.28,avg_degree,70,12,10000,gpu
51,9572,0,537,46.14,avg_degree,70,13,10000,gpu
51,9581,0,624,46.31999999999999,avg_degree,70,14,10000,gpu
52,9583,0,604,45.69,avg_degree,70,15,10000,gpu
52,9575,0,600,47.08,avg_degree,70,16,10000,gpu
52,9579,0,637,45.24,avg_degree,70,17,10000,gpu
51,9583,0,610,45.85,avg_degree,70,18,10000,gpu
52,9578,0,642,46.02,avg_degree,70,19,10000,gpu
54,9572,0,621,47.22,avg_degree,70,20,10000,gpu
51,9581,0,636,46.78,avg_degree,70,21,10000,gpu
53,9587,0,687,45.29,avg_degree,70,22,10000,gpu
52,9581,0,695,46.34,avg_degree,70,23,10000,gpu
53,9580,0,616,44.99999999999999,avg_degree,70,24,10000,gpu
52,9574,0,598,45.51,avg_degree,70,25,10000,gpu
51,9578,0,617,46.9,avg_degree,70,26,10000,gpu
51,9584,0,633,46.8,avg_degree,70,27,10000,gpu
51,9578,0,639,46.589999999999996,avg_degree,70,28,10000,gpu
51,9580,0,547,46.41,avg_degree,70,29,10000,gpu
52,9564,0,582,46.050000000000004,avg_degree,70,30,10000,gpu
51,9581,0,721,45.220000000000006,avg_degree,70,31,10000,gpu
53,9570,0,595,47.46,avg_degree,70,32,10000,gpu
52,9586,0,740,45.98,avg_degree,70,33,10000,gpu
52,9585,0,643,45.74,avg_degree,70,34,10000,gpu
51,9580,0,627,45.17,avg_degree,70,35,10000,gpu
51,9585,0,614,46.41,avg_degree,70,36,10000,gpu
52,9575,0,597,45.52,avg_degree,70,37,10000,gpu
52,9589,0,726,45.39,avg_degree,70,38,10000,gpu
52,9575,0,603,45.620000000000005,avg_degree,70,39,10000,gpu
51,9576,0,648,46.13,avg_degree,70,40,10000,gpu
52,9577,0,628,46.91,avg_degree,70,41,10000,gpu
53,9573,0,599,46.53,avg_degree,70,42,10000,gpu
52,9578,0,585,46.4,avg_degree,70,43,10000,gpu
51,9585,0,626,47.17,avg_degree,70,44,10000,gpu
55,9563,0,605,45.78,avg_degree,70,45,10000,gpu
51,9576,0,672,45.08,avg_degree,70,46,10000,gpu
52,9577,0,609,46.51,avg_degree,70,47,10000,gpu
53,9578,0,668,46.69,avg_degree,70,48,10000,gpu
51,9581,0,600,46.61,avg_degree,70,49,10000,gpu
46,9,0,0,99.95,v_start_time,0,0,10000,gpu
78,160,0,13,99.3072919845581,v_start_time,0,1,10000,gpu
60,33,0,0,99.82,v_start_time,0,2,10000,gpu
54,15,0,0,99.95,v_start_time,0,3,10000,gpu
43,8,0,1,99.95,v_start_time,0,4,10000,gpu
111,278,0,19,98.35582577705382,v_start_time,0,5,10000,gpu
51,24,0,1,99.9,v_start_time,0,6,10000,gpu
58,43,0,1,99.81214583277702,v_start_time,0,7,10000,gpu
52,23,0,1,99.85000000000001,v_start_time,0,8,10000,gpu
56,29,0,1,99.87,v_start_time,0,9,10000,gpu
52,13,0,0,99.95,v_start_time,0,10,10000,gpu
73,84,0,1,99.8,v_start_time,0,11,10000,gpu
45,15,0,2,99.92999999999999,v_start_time,0,12,10000,gpu
40,5,0,0,99.97,v_start_time,0,13,10000,gpu
59,23,0,1,99.90396721363068,v_start_time,0,14,10000,gpu
44,10,0,0,99.95,v_start_time,0,15,10000,gpu
50,10,0,2,99.94782330870629,v_start_time,0,16,10000,gpu
42,6,0,0,99.95,v_start_time,0,17,10000,gpu
58,33,0,2,99.88,v_start_time,0,18,10000,gpu
58,39,0,0,99.72999999999999,v_start_time,0,19,10000,gpu
56,27,0,3,99.87041876673698,v_start_time,0,20,10000,gpu
66,76,0,3,99.58386723518372,v_start_time,0,21,10000,gpu
54,17,0,3,99.91,v_start_time,0,22,10000,gpu
40,5,0,0,99.96000000000001,v_start_time,0,23,10000,gpu
51,22,0,3,99.87,v_start_time,0,24,10000,gpu
46,6,0,0,99.96000000000001,v_start_time,0,25,10000,gpu
45,10,0,1,99.92999999999999,v_start_time,0,26,10000,gpu
49,14,0,1,99.89,v_start_time,0,27,10000,gpu
45,12,0,2,99.95,v_start_time,0,28,10000,gpu
53,25,0,2,99.89,v_start_time,0,29,10000,gpu
50,10,0,0,99.96000000000001,v_start_time,0,30,10000,gpu
52,14,0,1,99.9,v_start_time,0,31,10000,gpu
51,14,0,1,99.9,v_start_time,0,32,10000,gpu
68,73,0,3,99.67,v_start_time,0,33,10000,gpu
40,5,0,1,99.97,v_start_time,0,34,10000,gpu
49,7,0,1,99.95241268098354,v_start_time,0,35,10000,gpu
52,27,0,2,99.82908366322518,v_start_time,0,36,10000,gpu
52,25,0,2,99.90888745427131,v_start_time,0,37,10000,gpu
52,16,0,2,99.94,v_start_time,0,38,10000,gpu
44,9,0,2,99.9694541656971,v_start_time,0,39,10000,gpu
49,17,0,5,99.9,v_start_time,0,40,10000,gpu
53,17,0,1,99.95,v_start_time,0,41,10000,gpu
40,5,0,0,99.97,v_start_time,0,42,10000,gpu
47,12,0,0,99.92999999999999,v_start_time,0,43,10000,gpu
45,6,0,1,99.95488717257976,v_start_time,0,44,10000,gpu
44,8,0,1,99.95,v_start_time,0,45,10000,gpu
68,85,0,7,99.64,v_start_time,0,46,10000,gpu
41,6,0,0,99.96000000000001,v_start_time,0,47,10000,gpu
60,46,0,2,99.68,v_start_time,0,48,10000,gpu
53,15,0,2,99.96000000000001,v_start_time,0,49,10000,gpu
85,4872,0,308,78.18,v_start_time,30,0,10000,gpu
76,5750,0,381,75.05619232177733,v_start_time,30,1,10000,gpu
87,4639,0,210,79.63601867109537,v_start_time,30,2,10000,gpu
77,5421,0,280,74.49205566406249,v_start_time,30,3,10000,gpu
45,15,0,1,99.91,v_start_time,30,4,10000,gpu
81,5756,0,442,71.57876525878906,v_start_time,30,5,10000,gpu
79,5169,0,321,76.94378273725509,v_start_time,30,6,10000,gpu
78,5717,0,384,72.45772109985352,v_start_time,30,7,10000,gpu
82,4973,0,289,77.15765319824219,v_start_time,30,8,10000,gpu
81,5554,0,369,75.1211734008789,v_start_time,30,9,10000,gpu
135,1099,3,67,95.48292743682862,v_start_time,30,10,10000,gpu
80,5245,0,284,76.59444885253906,v_start_time,30,11,10000,gpu
80,5733,0,516,74.1770086669922,v_start_time,30,12,10000,gpu
92,412,0,13,97.8898411178589,v_start_time,30,13,10000,gpu
78,5166,0,335,76.62852325439454,v_start_time,30,14,10000,gpu
83,4677,0,225,79.6249074023962,v_start_time,30,15,10000,gpu
80,5498,0,270,76.71333190917969,v_start_time,30,16,10000,gpu
84,5379,0,297,76.7324528503418,v_start_time,30,17,10000,gpu
82,4542,0,242,78.65395946502686,v_start_time,30,18,10000,gpu
92,5175,0,268,76.11740844726562,v_start_time,30,19,10000,gpu
81,4257,0,250,79.32052856445313,v_start_time,30,20,10000,gpu
94,4206,0,246,81.78702911376952,v_start_time,30,21,10000,gpu
85,5761,0,355,71.33511596679686,v_start_time,30,22,10000,gpu
82,5424,0,356,74.84633361816407,v_start_time,30,23,10000,gpu
82,5538,0,311,72.36242706298827,v_start_time,30,24,10000,gpu
81,5421,0,281,76.01211822509765,v_start_time,30,25,10000,gpu
83,5100,0,296,78.90491027832032,v_start_time,30,26,10000,gpu
81,5202,0,296,75.80855667114258,v_start_time,30,27,10000,gpu
77,5685,0,310,75.89975524902344,v_start_time,30,28,10000,gpu
91,503,0,11,97.60664531230927,v_start_time,30,29,10000,gpu
85,3572,0,165,83.42145119190216,v_start_time,30,30,10000,gpu
79,5737,0,363,72.61553924560546,v_start_time,30,31,10000,gpu
83,4907,0,332,78.69202392578126,v_start_time,30,32,10000,gpu
77,5810,0,496,74.42338836669921,v_start_time,30,33,10000,gpu
102,3237,0,207,86.24915405273438,v_start_time,30,34,10000,gpu
79,5328,0,297,76.54493682861327,v_start_time,30,35,10000,gpu
85,5438,0,205,75.49908366322518,v_start_time,30,36,10000,gpu
89,4368,0,218,81.78057273864746,v_start_time,30,37,10000,gpu
79,5780,0,322,73.07632110595704,v_start_time,30,38,10000,gpu
87,4703,0,259,77.80405613720417,v_start_time,30,39,10000,gpu
80,5669,0,368,75.72860397338867,v_start_time,30,40,10000,gpu
92,3820,0,289,83.78436931967735,v_start_time,30,41,10000,gpu
82,4778,0,294,78.32326889038086,v_start_time,30,42,10000,gpu
80,4521,0,212,79.99259185791016,v_start_time,30,43,10000,gpu
88,5929,0,307,73.97233306884765,v_start_time,30,44,10000,gpu
79,5417,0,341,78.70011596679687,v_start_time,30,45,10000,gpu
82,5331,0,386,75.76751998901368,v_start_time,30,46,10000,gpu
84,5249,0,275,79.7992073059082,v_start_time,30,47,10000,gpu
80,4937,0,306,76.69484069824219,v_start_time,30,48,10000,gpu
90,3012,0,153,87.59234771728515,v_start_time,30,49,10000,gpu
247,8365,10923,913,55.17100402832031,v_start_time,180,0,10000,gpu
98,5931,6,353,74.10324523925782,v_start_time,180,1,10000,gpu
89,5575,0,289,75.68251266479493,v_start_time,180,2,10000,gpu
218,8095,9122,697,56.20142700195312,v_start_time,180,3,10000,gpu
45,15,0,1,99.91,v_start_time,180,4,10000,gpu
86,6010,0,492,70.01083724975585,v_start_time,180,5,10000,gpu
168,7515,4294,632,62.43429794311523,v_start_time,180,6,10000,gpu
93,5882,0,430,71.3865771484375,v_start_time,180,7,10000,gpu
86,5735,1,333,73.55191635131835,v_start_time,180,8,10000,gpu
216,8056,9080,749,55.02763977050782,v_start_time,180,9,10000,gpu
169,7520,4330,512,60.787714538574214,v_start_time,180,10,10000,gpu
97,5648,12,326,74.91318298339844,v_start_time,180,11,10000,gpu
97,5985,22,532,73.26829681396485,v_start_time,180,12,10000,gpu
186,7081,3597,385,67.58111236572266,v_start_time,180,13,10000,gpu
88,5549,0,363,74.54738098144531,v_start_time,180,14,10000,gpu
226,8318,9752,754,55.47544921875001,v_start_time,180,15,10000,gpu
99,5933,9,282,74.38384506225586,v_start_time,180,16,10000,gpu
213,8384,9782,772,54.32904357910155,v_start_time,180,17,10000,gpu
108,5408,26,336,74.38162841796874,v_start_time,180,18,10000,gpu
239,7874,8389,788,57.9044923400879,v_start_time,180,19,10000,gpu
101,5631,6,372,72.63439270019532,v_start_time,180,20,10000,gpu
170,6528,2920,430,68.45886352539063,v_start_time,180,21,10000,gpu
86,5945,0,390,70.37231613159179,v_start_time,180,22,10000,gpu
96,5979,3,448,71.62865081787109,v_start_time,180,23,10000,gpu
89,5827,6,369,70.98125793457031,v_start_time,180,24,10000,gpu
154,7460,4217,592,63.27735153198242,v_start_time,180,25,10000,gpu
221,8110,8707,712,57.18086380004883,v_start_time,180,26,10000,gpu
94,5632,9,341,73.41082473754884,v_start_time,180,27,10000,gpu
85,5873,0,336,75.0174282836914,v_start_time,180,28,10000,gpu
112,5519,82,203,74.90816612243653,v_start_time,180,29,10000,gpu
98,5272,3,280,75.37779403686523,v_start_time,180,30,10000,gpu
244,8285,9683,704,53.22437149047852,v_start_time,180,31,10000,gpu
88,5339,0,394,76.8447804260254,v_start_time,180,32,10000,gpu
91,6053,2,505,73.37623718261719,v_start_time,180,33,10000,gpu
231,8210,8974,782,58.4791925048828,v_start_time,180,34,10000,gpu
212,7982,8322,548,58.50690353393555,v_start_time,180,35,10000,gpu
89,5942,0,245,73.1785905456543,v_start_time,180,36,10000,gpu
94,5531,2,324,77.00866775512696,v_start_time,180,37,10000,gpu
90,6072,0,338,71.49876586914063,v_start_time,180,38,10000,gpu
98,5838,7,410,72.34284133911133,v_start_time,180,39,10000,gpu
93,5821,3,401,74.97443725585937,v_start_time,180,40,10000,gpu
220,7803,8129,793,59.174634094238286,v_start_time,180,41,10000,gpu
107,5255,24,363,75.76888977050783,v_start_time,180,42,10000,gpu
243,7872,8323,576,59.75103576660157,v_start_time,180,43,10000,gpu
93,6401,5,360,71.74061218261718,v_start_time,180,44,10000,gpu
82,5601,0,384,78.06758422851563,v_start_time,180,45,10000,gpu
149,7152,3745,613,64.8467300415039,v_start_time,180,46,10000,gpu
95,5772,4,345,77.70487121582032,v_start_time,180,47,10000,gpu
90,5464,0,367,73.91535003662109,v_start_time,180,48,10000,gpu
100,5697,8,292,76.66672912597656,v_start_time,180,49,10000,gpu
365,8947,25380,1113,44.54456481933594,v_start_time,360,0,10000,gpu
98,5931,6,353,74.10324523925782,v_start_time,360,1,10000,gpu
89,5575,0,289,75.68251266479493,v_start_time,360,2,10000,gpu
218,8095,9122,697,56.19207092285157,v_start_time,360,3,10000,gpu
45,15,0,1,99.91,v_start_time,360,4,10000,gpu
86,6010,0,492,70.01083724975585,v_start_time,360,5,10000,gpu
168,7515,4294,632,62.43429794311523,v_start_time,360,6,10000,gpu
93,5882,0,430,71.3865771484375,v_start_time,360,7,10000,gpu
86,5735,1,333,73.55191635131835,v_start_time,360,8,10000,gpu
216,8056,9080,749,55.02533630371094,v_start_time,360,9,10000,gpu
169,7520,4330,512,60.787714538574214,v_start_time,360,10,10000,gpu
97,5648,12,326,74.91318298339844,v_start_time,360,11,10000,gpu
97,5985,22,532,73.26829681396485,v_start_time,360,12,10000,gpu
186,7081,3597,385,67.58111236572266,v_start_time,360,13,10000,gpu
88,5549,0,363,74.54738098144531,v_start_time,360,14,10000,gpu
229,8317,9761,744,55.46151489257812,v_start_time,360,15,10000,gpu
99,5933,9,282,74.38384506225586,v_start_time,360,16,10000,gpu
213,8384,9782,771,54.35329223632812,v_start_time,360,17,10000,gpu
108,5408,26,336,74.38162841796874,v_start_time,360,18,10000,gpu
365,8684,22636,942,48.72726104736328,v_start_time,360,19,10000,gpu
101,5631,6,372,72.63439270019532,v_start_time,360,20,10000,gpu
170,6528,2920,430,68.45886352539063,v_start_time,360,21,10000,gpu
86,5945,0,390,70.37231613159179,v_start_time,360,22,10000,gpu
96,5979,3,448,71.62865081787109,v_start_time,360,23,10000,gpu
89,5827,6,369,70.98125793457031,v_start_time,360,24,10000,gpu
154,7460,4217,592,63.27735153198242,v_start_time,360,25,10000,gpu
225,8110,8713,709,57.16467864990234,v_start_time,360,26,10000,gpu
94,5632,9,341,73.41082473754884,v_start_time,360,27,10000,gpu
85,5873,0,336,75.0174282836914,v_start_time,360,28,10000,gpu
112,5519,82,203,74.90816612243653,v_start_time,360,29,10000,gpu
98,5272,3,280,75.37779403686523,v_start_time,360,30,10000,gpu
365,8920,25849,734,46.833561401367184,v_start_time,360,31,10000,gpu
88,5339,0,394,76.8447804260254,v_start_time,360,32,10000,gpu
91,6053,2,505,73.37623718261719,v_start_time,360,33,10000,gpu
344,8815,19597,922,50.28810668945313,v_start_time,360,34,10000,gpu
212,7982,8322,546,58.50690353393555,v_start_time,360,35,10000,gpu
89,5942,0,245,73.1785905456543,v_start_time,360,36,10000,gpu
94,5531,2,324,77.00866775512696,v_start_time,360,37,10000,gpu
90,6072,0,338,71.49876586914063,v_start_time,360,38,10000,gpu
98,5838,7,410,72.34284133911133,v_start_time,360,39,10000,gpu
93,5821,3,401,74.97443725585937,v_start_time,360,40,10000,gpu
221,7803,8130,785,59.19525695800781,v_start_time,360,41,10000,gpu
107,5255,24,363,75.76888977050783,v_start_time,360,42,10000,gpu
365,8724,21751,670,50.6877082824707,v_start_time,360,43,10000,gpu
93,6401,5,360,71.74061218261718,v_start_time,360,44,10000,gpu
82,5601,0,384,78.06758422851563,v_start_time,360,45,10000,gpu
149,7152,3745,613,64.8467300415039,v_start_time,360,46,10000,gpu
95,5772,4,345,77.70487121582032,v_start_time,360,47,10000,gpu
90,5464,0,367,73.91535003662109,v_start_time,360,48,10000,gpu
100,5697,8,292,76.66672912597656,v_start_time,360,49,10000,gpu
365,8947,25380,1113,44.54456481933594,vaccination_pct,0,0,10000,gpu
98,5931,6,353,74.10324523925782,vaccination_pct,0,1,10000,gpu
89,5575,0,289,75.68251266479493,vaccination_pct,0,2,10000,gpu
218,8095,9122,697,56.19207092285157,vaccination_pct,0,3,10000,gpu
45,15,0,1,99.91,vaccination_pct,0,4,10000,gpu
86,6010,0,492,70.01083724975585,vaccination_pct,0,5,10000,gpu
168,7515,4294,632,62.43429794311523,vaccination_pct,0,6,10000,gpu
93,5882,0,430,71.3865771484375,vaccination_pct,0,7,10000,gpu
86,5735,1,333,73.55191635131835,vaccination_pct,0,8,10000,gpu
216,8056,9080,749,55.02533630371094,vaccination_pct,0,9,10000,gpu
169,7520,4330,512,60.787714538574214,vaccination_pct,0,10,10000,gpu
97,5648,12,326,74.91318298339844,vaccination_pct,0,11,10000,gpu
97,5985,22,532,73.26829681396485,vaccination_pct,0,12,10000,gpu
186,7081,3597,385,67.58111236572266,vaccination_pct,0,13,10000,gpu
88,5549,0,363,74.54738098144531,vaccination_pct,0,14,10000,gpu
229,8317,9761,744,55.46151489257812,vaccination_pct,0,15,10000,gpu
99,5933,9,282,74.38384506225586,vaccination_pct,0,16,10000,gpu
213,8384,9782,771,54.35329223632812,vaccination_pct,0,17,10000,gpu
108,5408,26,336,74.38162841796874,vaccination_pct,0,18,10000,gpu
365,8695,23256,942,48.72959671020508,vaccination_pct,0,19,10000,gpu
101,5631,6,372,72.63439270019532,vaccination_pct,0,20,10000,gpu
170,6528,2920,430,68.45886352539063,vaccination_pct,0,21,10000,gpu
86,5945,0,390,70.37231613159179,vaccination_pct,0,22,10000,gpu
96,5979,3,448,71.62865081787109,vaccination_pct,0,23,10000,gpu
89,5827,6,369,70.98125793457031,vaccination_pct,0,24,10000,gpu
154,7460,4217,592,63.27735153198242,vaccination_pct,0,25,10000,gpu
225,8110,8713,709,57.16467864990234,vaccination_pct,0,26,10000,gpu
94,5632,9,341,73.41082473754884,vaccination_pct,0,27,10000,gpu
85,5873,0,336,75.0174282836914,vaccination_pct,0,28,10000,gpu
112,5519,82,203,74.90816612243653,vaccination_pct,0,29,10000,gpu
98,5272,3,280,75.37779403686523,vaccination_pct,0,30,10000,gpu
365,8957,26935,734,46.833561401367184,vaccination_pct,0,31,10000,gpu
88,5339,0,394,76.8447804260254,vaccination_pct,0,32,10000,gpu
91,6053,2,505,73.37623718261719,vaccination_pct,0,33,10000,gpu
344,8815,19597,922,50.28810668945313,vaccination_pct,0,34,10000,gpu
212,7982,8322,546,58.50690353393555,vaccination_pct,0,35,10000,gpu
89,5942,0,245,73.1785905456543,vaccination_pct,0,36,10000,gpu
94,5531,2,324,77.00866775512696,vaccination_pct,0,37,10000,gpu
90,6072,0,338,71.49876586914063,vaccination_pct,0,38,10000,gpu
98,5838,7,410,72.34284133911133,vaccination_pct,0,39,10000,gpu
93,5821,3,401,74.97443725585937,vaccination_pct,0,40,10000,gpu
221,7803,8130,785,59.19525695800781,vaccination_pct,0,41,10000,gpu
107,5255,24,363,75.76888977050783,vaccination_pct,0,42,10000,gpu
365,8724,21775,670,50.6877082824707,vaccination_pct,0,43,10000,gpu
93,6401,5,360,71.74061218261718,vaccination_pct,0,44,10000,gpu
82,5601,0,384,78.06758422851563,vaccination_pct,0,45,10000,gpu
149,7152,3745,613,64.8467300415039,vaccination_pct,0,46,10000,gpu
95,5772,4,345,77.70487121582032,vaccination_pct,0,47,10000,gpu
90,5464,0,367,73.91535003662109,vaccination_pct,0,48,10000,gpu
100,5697,8,292,76.66672912597656,vaccination_pct,0,49,10000,gpu
272,8475,12927,951,53.72047393798829,vaccination_pct,30,0,10000,gpu
98,5931,6,353,74.10324523925782,vaccination_pct,30,1,10000,gpu
89,5575,0,289,75.68251266479493,vaccination_pct,30,2,10000,gpu
218,8095,9122,697,56.20142700195312,vaccination_pct,30,3,10000,gpu
45,15,0,1,99.91,vaccination_pct,30,4,10000,gpu
86,6010,0,492,70.01083724975585,vaccination_pct,30,5,10000,gpu
168,7515,4294,632,62.43429794311523,vaccination_pct,30,6,10000,gpu
93,5882,0,430,71.3865771484375,vaccination_pct,30,7,10000,gpu
86,5735,1,333,73.55191635131835,vaccination_pct,30,8,10000,gpu
216,8056,9080,749,55.02763977050782,vaccination_pct,30,9,10000,gpu
169,7520,4330,512,60.787714538574214,vaccination_pct,30,10,10000,gpu
97,5648,12,326,74.91318298339844,vaccination_pct,30,11,10000,gpu
97,5985,22,532,73.26829681396485,vaccination_pct,30,12,10000,gpu
186,7081,3597,385,67.58111236572266,vaccination_pct,30,13,10000,gpu
88,5549,0,363,74.54738098144531,vaccination_pct,30,14,10000,gpu
230,8317,9763,737,55.455449218750005,vaccination_pct,30,15,10000,gpu
99,5933,9,282,74.38384506225586,vaccination_pct,30,16,10000,gpu
213,8384,9782,772,54.32904357910155,vaccination_pct,30,17,10000,gpu
108,5408,26,336,74.38162841796874,vaccination_pct,30,18,10000,gpu
365,8319,16624,810,53.762297515869136,vaccination_pct,30,19,10000,gpu
101,5631,6,372,72.63439270019532,vaccination_pct,30,20,10000,gpu
170,6528,2920,430,68.45886352539063,vaccination_pct,30,21,10000,gpu
86,5945,0,390,70.37231613159179,vaccination_pct,30,22,10000,gpu
96,5979,3,448,71.62865081787109,vaccination_pct,30,23,10000,gpu
89,5827,6,369,70.98125793457031,vaccination_pct,30,24,10000,gpu
154,7460,4217,592,63.27735153198242,vaccination_pct,30,25,10000,gpu
224,8110,8709,709,57.170863800048835,vaccination_pct,30,26,10000,gpu
94,5632,9,341,73.41082473754884,vaccination_pct,30,27,10000,gpu
85,5873,0,336,75.0174282836914,vaccination_pct,30,28,10000,gpu
112,5519,82,203,74.90816612243653,vaccination_pct,30,29,10000,gpu
98,5272,3,280,75.37779403686523,vaccination_pct,30,30,10000,gpu
365,8651,18718,567,49.577879333496085,vaccination_pct,30,31,10000,gpu
88,5339,0,394,76.8447804260254,vaccination_pct,30,32,10000,gpu
91,6053,2,505,73.37623718261719,vaccination_pct,30,33,10000,gpu
365,8578,16771,710,55.32232177734375,vaccination_pct,30,34,10000,gpu
212,7982,8322,548,58.50690353393555,vaccination_pct,30,35,10000,gpu
89,5942,0,245,73.1785905456543,vaccination_pct,30,36,10000,gpu
94,5531,2,324,77.00866775512696,vaccination_pct,30,37,10000,gpu
90,6072,0,338,71.49876586914063,vaccination_pct,30,38,10000,gpu
98,5838,7,410,72.34284133911133,vaccination_pct,30,39,10000,gpu
93,5821,3,401,74.97443725585937,vaccination_pct,30,40,10000,gpu
220,7803,8129,793,59.174634094238286,vaccination_pct,30,41,10000,gpu
107,5255,24,363,75.76888977050783,vaccination_pct,30,42,10000,gpu
365,8258,14660,533,58.08100921630859,vaccination_pct,30,43,10000,gpu
93,6401,5,360,71.74061218261718,vaccination_pct,30,44,10000,gpu
82,5601,0,384,78.06758422851563,vaccination_pct,30,45,10000,gpu
149,7152,3745,613,64.8467300415039,vaccination_pct,30,46,10000,gpu
95,5772,4,345,77.70487121582032,vaccination_pct,30,47,10000,gpu
90,5464,0,367,73.91535003662109,vaccination_pct,30,48,10000,gpu
100,5697,8,292,76.66672912597656,vaccination_pct,30,49,10000,gpu
365,8530,15984,865,53.833642578124994,vaccination_pct,50,0,10000,gpu
98,5931,6,353,74.10324523925782,vaccination_pct,50,1,10000,gpu
89,5575,0,289,75.68251266479493,vaccination_pct,50,2,10000,gpu
218,8095,9122,697,56.20142700195312,vaccination_pct,50,3,10000,gpu
45,15,0,1,99.91,vaccination_pct,50,4,10000,gpu
86,6010,0,492,70.01083724975585,vaccination_pct,50,5,10000,gpu
168,7515,4294,632,62.43429794311523,vaccination_pct,50,6,10000,gpu
93,5882,0,430,71.3865771484375,vaccination_pct,50,7,10000,gpu
86,5735,1,333,73.55191635131835,vaccination_pct,50,8,10000,gpu
216,8056,9080,749,55.02763977050782,vaccination_pct,50,9,10000,gpu
169,7520,4330,512,60.787714538574214,vaccination_pct,50,10,10000,gpu
97,5648,12,326,74.91318298339844,vaccination_pct,50,11,10000,gpu
97,5985,22,532,73.26829681396485,vaccination_pct,50,12,10000,gpu
186,7081,3597,385,67.58111236572266,vaccination_pct,50,13,10000,gpu
88,5549,0,363,74.54738098144531,vaccination_pct,50,14,10000,gpu
228,8318,9754,749,55.46544921875001,vaccination_pct,50,15,10000,gpu
99,5933,9,282,74.38384506225586,vaccination_pct,50,16,10000,gpu
213,8384,9782,772,54.32904357910155,vaccination_pct,50,17,10000,gpu
108,5408,26,336,74.38162841796874,vaccination_pct,50,18,10000,gpu
279,7908,8866,797,57.22047912597657,vaccination_pct,50,19,10000,gpu
101,5631,6,372,72.63439270019532,vaccination_pct,50,20,10000,gpu
170,6528,2920,430,68.45886352539063,vaccination_pct,50,21,10000,gpu
86,5945,0,390,70.37231613159179,vaccination_pct,50,22,10000,gpu
96,5979,3,448,71.62865081787109,vaccination_pct,50,23,10000,gpu
89,5827,6,369,70.98125793457031,vaccination_pct,50,24,10000,gpu
154,7460,4217,592,63.27735153198242,vaccination_pct,50,25,10000,gpu
225,8110,8710,707,57.170863800048835,vaccination_pct,50,26,10000,gpu
94,5632,9,341,73.41082473754884,vaccination_pct,50,27,10000,gpu
85,5873,0,336,75.0174282836914,vaccination_pct,50,28,10000,gpu
112,5519,82,203,74.90816612243653,vaccination_pct,50,29,10000,gpu
98,5272,3,280,75.37779403686523,vaccination_pct,50,30,10000,gpu
365,8530,15164,471,52.148697204589844,vaccination_pct,50,31,10000,gpu
88,5339,0,394,76.8447804260254,vaccination_pct,50,32,10000,gpu
91,6053,2,505,73.37623718261719,vaccination_pct,50,33,10000,gpu
231,8211,8992,784,58.50231903076172,vaccination_pct,50,34,10000,gpu
212,7982,8322,548,58.50690353393555,vaccination_pct,50,35,10000,gpu
89,5942,0,245,73.1785905456543,vaccination_pct,50,36,10000,gpu
94,5531,2,324,77.00866775512696,vaccination_pct,50,37,10000,gpu
90,6072,0,338,71.49876586914063,vaccination_pct,50,38,10000,gpu
98,5838,7,410,72.34284133911133,vaccination_pct,50,39,10000,gpu
93,5821,3,401,74.97443725585937,vaccination_pct,50,40,10000,gpu
220,7803,8129,793,59.174634094238286,vaccination_pct,50,41,10000,gpu
107,5255,24,363,75.76888977050783,vaccination_pct,50,42,10000,gpu
365,7995,10159,487,58.49612731933593,vaccination_pct,50,43,10000,gpu
93,6401,5,360,71.74061218261718,vaccination_pct,50,44,10000,gpu
82,5601,0,384,78.06758422851563,vaccination_pct,50,45,10000,gpu
149,7152,3745,613,64.8467300415039,vaccination_pct,50,46,10000,gpu
95,5772,4,345,77.70487121582032,vaccination_pct,50,47,10000,gpu
90,5464,0,367,73.91535003662109,vaccination_pct,50,48,10000,gpu
100,5697,8,292,76.66672912597656,vaccination_pct,50,49,10000,gpu
247,8365,10923,913,55.17100402832031,vaccination_pct,80,0,10000,gpu
98,5931,6,353,74.10324523925782,vaccination_pct,80,1,10000,gpu
89,5575,0,289,75.68251266479493,vaccination_pct,80,2,10000,gpu
218,8095,9122,697,56.20142700195312,vaccination_pct,80,3,10000,gpu
45,15,0,1,99.91,vaccination_pct,80,4,10000,gpu
86,6010,0,492,70.01083724975585,vaccination_pct,80,5,10000,gpu
168,7515,4294,632,62.43429794311523,vaccination_pct,80,6,10000,gpu
93,5882,0,430,71.3865771484375,vaccination_pct,80,7,10000,gpu
86,5735,1,333,73.55191635131835,vaccination_pct,80,8,10000,gpu
216,8056,9080,749,55.02763977050782,vaccination_pct,80,9,10000,gpu
169,7520,4330,512,60.787714538574214,vaccination_pct,80,10,10000,gpu
97,5648,12,326,74.91318298339844,vaccination_pct,80,11,10000,gpu
97,5985,22,532,73.26829681396485,vaccination_pct,80,12,10000,gpu
186,7081,3597,385,67.58111236572266,vaccination_pct,80,13,10000,gpu
88,5549,0,363,74.54738098144531,vaccination_pct,80,14,10000,gpu
226,8318,9752,754,55.47544921875001,vaccination_pct,80,15,10000,gpu
99,5933,9,282,74.38384506225586,vaccination_pct,80,16,10000,gpu
213,8384,9782,772,54.32904357910155,vaccination_pct,80,17,10000,gpu
108,5408,26,336,74.38162841796874,vaccination_pct,80,18,10000,gpu
239,7874,8389,788,57.9044923400879,vaccination_pct,80,19,10000,gpu
101,5631,6,372,72.63439270019532,vaccination_pct,80,20,10000,gpu
170,6528,2920,430,68.45886352539063,vaccination_pct,80,21,10000,gpu
86,5945,0,390,70.37231613159179,vaccination_pct,80,22,10000,gpu
96,5979,3,448,71.62865081787109,vaccination_pct,80,23,10000,gpu
89,5827,6,369,70.98125793457031,vaccination_pct,80,24,10000,gpu
154,7460,4217,592,63.27735153198242,vaccination_pct,80,25,10000,gpu
221,8110,8707,712,57.18086380004883,vaccination_pct,80,26,10000,gpu
94,5632,9,341,73.41082473754884,vaccination_pct,80,27,10000,gpu
85,5873,0,336,75.0174282836914,vaccination_pct,80,28,10000,gpu
112,5519,82,203,74.90816612243653,vaccination_pct,80,29,10000,gpu
98,5272,3,280,75.37779403686523,vaccination_pct,80,30,10000,gpu
244,8285,9683,704,53.22437149047852,vaccination_pct,80,31,10000,gpu
88,5339,0,394,76.8447804260254,vaccination_pct,80,32,10000,gpu
91,6053,2,505,73.37623718261719,vaccination_pct,80,33,10000,gpu
231,8210,8974,782,58.4791925048828,vaccination_pct,80,34,10000,gpu
212,7982,8322,548,58.50690353393555,vaccination_pct,80,35,10000,gpu
89,5942,0,245,73.1785905456543,vaccination_pct,80,36,10000,gpu
94,5531,2,324,77.00866775512696,vaccination_pct,80,37,10000,gpu
90,6072,0,338,71.49876586914063,vaccination_pct,80,38,10000,gpu
98,5838,7,410,72.34284133911133,vaccination_pct,80,39,10000,gpu
93,5821,3,401,74.97443725585937,vaccination_pct,80,40,10000,gpu
220,7803,8129,793,59.174634094238286,vaccination_pct,80,41,10000,gpu
107,5255,24,363,75.76888977050783,vaccination_pct,80,42,10000,gpu
243,7872,8323,576,59.75103576660157,vaccination_pct,80,43,10000,gpu
93,6401,5,360,71.74061218261718,vaccination_pct,80,44,10000,gpu
82,5601,0,384,78.06758422851563,vaccination_pct,80,45,10000,gpu
149,7152,3745,613,64.8467300415039,vaccination_pct,80,46,10000,gpu
95,5772,4,345,77.70487121582032,vaccination_pct,80,47,10000,gpu
90,5464,0,367,73.91535003662109,vaccination_pct,80,48,10000,gpu
100,5697,8,292,76.66672912597656,vaccination_pct,80,49,10000,gpu
